LSOA11CD,domain_supermarket_proximity,domain_supermarket_accessibility,domain_ecommerce_access,domain_socio_demographic,domain_nonsupermarket_proximity,domain_food_for_families,domain_fuel_poverty,country,country_denominator,ppfi_score,pp_dec_domain_supermarket_proximity,pp_dec_domain_supermarket_accessibility,pp_dec_domain_ecommerce_access,pp_dec_domain_socio_demographic,pp_dec_domain_nonsupermarket_proximity,pp_dec_domain_food_for_families,pp_dec_domain_fuel_poverty,pp_dec_combined,life_expectancy,obesity_rate,mental_health_rate,gcse_5ac_rate,university_attendance_rate,no_qualifications_rate,unemployment_rate,employment_rate,total_population,education_index,health_risk_index,socioeconomic_vulnerability,coord_x,coord_y
E01011264,22131,7474.0,16498.0,17684,14522,234,19508.0,E,33755,5780,7,3.0,5.0,6,5,1,6.0,2,81.2,21.2,11.9,93.4,43.0,10.3,6.7,80.1,1284,68.2,16.55,1932.3333333333333,421008.295,441621.422
E01011265,29019,19075.0,18707.0,16504,15771,488,24071.0,E,33755,14441,9,6.0,6.0,5,5,1,8.0,5,79.2,22.4,14.7,85.8,33.2,16.4,10.5,62.7,1955,59.5,18.549999999999997,4822.633333333333,419078.012,441992.083000001
E01011266,19228,5686.0,27352.0,32347,13354,878,33449.0,E,33755,31392,6,2.0,9.0,10,4,1,10.0,10,73.1,37.1,23.9,55.3,21.1,35.9,17.3,50.0,2613,38.2,30.5,10481.733333333334,418030.266,442249.607000001
E01011267,23300,10358.0,9458.0,12190,15848,378,14361.0,E,33755,2959,7,4.0,3.0,4,5,1,5.0,1,83.7,14.9,8.1,98.9,44.1,1.3,3.6,87.7,1699,71.5,11.5,987.9666666666667,419747.078,441929.202
E01011268,19799,4748.0,9458.0,8951,16271,265,10129.0,E,33755,943,6,2.0,3.0,3,5,1,4.0,1,84.3,17.0,3.8,100.2,37.5,-7.5,-0.6,88.9,1395,68.85,10.4,311.6333333333333,420270.748,441812.964
E01011269,27647,11679.0,9458.0,14382,14772,148,17490.0,E,33755,5925,9,4.0,3.0,5,5,1,6.0,2,81.4,21.7,7.9,84.7,37.6,8.8,0.3,82.2,1569,61.150000000000006,14.8,1978.0333333333335,420783.71,441370.425000001
E01011270,10980,2959.0,23805.0,33551,9506,1102,16586.0,E,33755,21394,4,1.0,8.0,10,3,1,5.0,7,78.7,30.1,18.5,53.6,18.7,33.4,15.0,50.8,1720,36.15,24.3,7147.466666666667,417701.105,441577.301000001
E01011271,23878,6441.0,23805.0,26585,13502,537,31538.0,E,33755,22581,8,2.0,8.0,8,4,1,10.0,7,76.5,27.9,15.2,56.9,26.3,20.4,15.0,50.3,2172,41.6,21.549999999999997,7538.8,418667.024,441676.821
E01011272,20245,2861.0,23805.0,30431,12769,210,32070.0,E,33755,25195,6,1.0,8.0,10,4,1,10.0,8,70.4,38.0,19.2,49.6,23.8,24.9,16.0,50.0,1455,36.7,28.6,8411.966666666667,419525.701,441082.25
E01011273,26810,4955.0,18707.0,18332,15811,146,21845.0,E,33755,9331,8,2.0,6.0,6,5,1,7.0,3,85.9,20.4,11.1,86.0,36.4,9.9,5.9,65.2,1483,61.2,15.75,3115.6,420228.722,441237.397
E01011274,29506,13879.0,9458.0,6686,15719,44,7649.0,E,33755,3839,9,5.0,3.0,2,5,1,3.0,2,86.3,23.9,11.5,88.2,57.0,4.6,2.0,79.1,1360,72.6,17.7,1281.8666666666666,420752.714,440834.963
E01011275,21885,6451.0,17166.0,17592,14517,93,19498.0,E,33755,5649,7,2.0,6.0,6,5,1,6.0,2,84.8,22.4,9.6,81.2,48.9,0.8,5.9,80.5,1411,65.05,16.0,1885.2333333333333,420042.499,440814.136
E01011276,25084,13264.0,23805.0,20668,14333,53,27661.0,E,33755,16082,8,4.0,8.0,7,5,1,9.0,5,79.2,25.6,13.2,72.3,21.1,13.0,10.7,66.7,1736,46.7,19.4,5368.566666666667,421132.894,440722.676000001
E01011277,14866,6670.0,27352.0,26314,11668,39,30213.0,E,33755,18966,5,2.0,9.0,8,4,1,9.0,6,76.3,28.9,15.6,66.9,34.2,24.0,9.7,65.4,1605,50.550000000000004,22.25,6333.233333333334,419867.155,440401.194
E01011278,14594,15914.0,27352.0,27577,13141,11,27535.0,E,33755,19009,5,5.0,9.0,9,4,1,9.0,6,77.7,32.3,16.8,64.3,27.9,15.8,13.4,55.6,1622,46.099999999999994,24.549999999999997,6346.066666666667,420684.374,440039.101
E01011279,17337,14239.0,23805.0,22375,15511,553,24213.0,E,33755,12120,6,5.0,8.0,7,5,1,8.0,4,82.4,20.8,12.0,72.1,34.3,20.1,9.7,64.1,1319,53.199999999999996,16.4,4049.933333333334,419317.178,442519.091
E01011280,23950,12412.0,23805.0,28757,16163,751,31937.0,E,33755,26118,8,4.0,8.0,9,5,1,10.0,8,71.6,29.3,20.7,55.0,11.6,33.4,14.3,50.0,2073,33.3,25.0,8721.9,418561.248,442712.164999999
E01011281,25445,26389.0,18707.0,7577,18760,244,10859.0,E,33755,8465,8,8.0,6.0,3,6,1,4.0,3,80.9,26.0,11.4,81.5,36.9,13.4,4.1,73.7,2182,59.2,18.7,2827.5,425771.915,435024.675000001
E01011282,30861,14612.0,9458.0,3243,21742,496,5602.0,E,33755,5789,10,5.0,3.0,1,7,1,2.0,2,80.3,25.0,11.0,97.7,49.4,2.9,6.0,77.1,1388,73.55,18.0,1932.6333333333332,424956.455,434822.318
E01011283,17223,20525.0,9458.0,1267,18544,274,4130.0,E,33755,1101,6,7.0,3.0,1,6,1,2.0,1,85.7,15.2,3.8,95.5,50.8,6.2,1.4,85.7,1575,73.15,9.5,369.53333333333336,425739.591,434470.998
E01011284,31419,22693.0,6632.0,3626,23262,113,1351.0,E,33755,7964,10,7.0,2.0,2,7,1,1.0,3,80.6,24.3,13.6,81.6,40.4,4.2,1.2,81.1,2216,61.0,18.95,2656.4666666666667,427285.654,433873.291999999
E01011286,27943,16074.0,18707.0,16313,21073,418,18154.0,E,33755,11471,9,5.0,6.0,5,7,1,6.0,4,82.8,22.3,9.7,69.5,42.6,20.8,3.2,74.4,1295,56.05,16.0,3831.6666666666665,425215.205,434519.913000001
E01011287,30974,10416.0,9458.0,13911,23774,763,19894.0,E,33755,12149,10,4.0,3.0,5,8,1,6.0,4,79.7,18.9,13.0,77.2,43.1,16.6,4.7,78.3,1461,60.150000000000006,15.95,4056.766666666667,424414.423,434177.245999999
E01011292,32341,30556.0,949.0,503,21336,115,2922.0,E,33755,12926,10,10.0,1.0,1,7,1,1.0,4,78.8,23.4,9.7,71.2,38.4,23.4,9.7,66.8,1956,54.8,16.549999999999997,4319.7,427103.244,433316.734999999
E01011293,33057,29271.0,949.0,2248,22859,104,1888.0,E,33755,14474,10,9.0,1.0,1,7,1,1.0,5,79.4,24.4,11.5,73.3,44.0,4.5,11.3,60.7,1963,58.65,17.95,4829.933333333333,427446.14,433457.845000001
E01011294,31305,29285.0,949.0,456,23045,18,3983.0,E,33755,10398,10,9.0,1.0,1,7,1,2.0,4,74.5,22.8,14.9,87.6,39.4,11.2,7.4,72.1,1721,63.5,18.85,3472.2000000000003,427804.039,433273.108999999
E01011295,26837,19934.0,9458.0,5728,21013,387,5470.0,E,33755,4217,8,6.0,3.0,2,7,1,2.0,2,86.4,16.8,6.4,93.0,33.6,4.0,3.1,86.2,1708,63.3,11.600000000000001,1408.0333333333335,425268.535,435027.657
E01011296,9952,5714.0,17166.0,25113,2951,3458,29994.0,E,33755,11691,3,2.0,6.0,8,1,2,9.0,4,80.6,20.9,12.7,81.5,46.4,11.7,8.6,69.8,1625,63.95,16.799999999999997,3903.766666666667,440068.397,436927.273
E01011297,10018,2994.0,23805.0,29544,3034,3014,25115.0,E,33755,12794,3,1.0,8.0,9,1,1,8.0,4,80.7,28.4,12.6,70.2,33.4,20.2,4.5,69.0,1724,51.8,20.5,4272.900000000001,443218.464,436352.15
E01011298,4188,3060.0,18707.0,13257,4113,2268,11747.0,E,33755,432,2,1.0,6.0,4,2,1,4.0,1,84.4,12.7,3.6,101.8,46.4,3.1,0.0,89.8,1556,74.1,8.15,145.03333333333333,444436.457,432875.945
E01011299,10108,9057.0,18707.0,22086,27404,707,20962.0,E,33755,10402,3,3.0,6.0,7,9,1,7.0,4,79.8,24.0,13.2,81.8,44.7,9.2,4.1,82.1,2838,63.25,18.6,3471.766666666667,442199.707,427791.333000001
E01011300,5493,10351.0,9458.0,15739,7499,1795,11262.0,E,33755,515,2,4.0,3.0,5,3,1,4.0,1,83.2,19.9,4.8,96.4,47.1,-6.7,3.3,87.9,1457,71.75,12.35,170.53333333333333,441001.645,431114.233999999
E01011301,5002,15025.0,23805.0,28702,8816,1666,32732.0,E,33755,23986,2,5.0,8.0,9,3,1,10.0,8,74.0,31.0,14.8,58.5,26.0,29.2,14.8,50.0,1241,42.25,22.9,8010.0,441415.507,430932.551000001
E01011302,4966,10838.0,16498.0,27140,8337,1670,30386.0,E,33755,14142,2,4.0,5.0,9,3,1,10.0,5,80.3,28.0,13.1,72.3,26.4,15.1,6.7,68.4,1781,49.349999999999994,20.55,4721.266666666667,441878.871,430768.34
E01011303,3882,20777.0,17166.0,14900,9621,1348,12192.0,E,33755,2190,2,7.0,6.0,5,3,1,4.0,1,84.1,18.2,3.2,93.3,42.9,1.9,1.8,82.1,1146,68.1,10.7,731.2333333333335,442019.645,430290.702
E01011304,3919,23883.0,9458.0,10643,10261,1384,14241.0,E,33755,1683,2,8.0,3.0,4,4,1,5.0,1,83.2,18.7,3.5,100.2,59.5,2.9,1.7,86.0,1587,79.85,11.1,562.5333333333334,441694.972,430099.084000001
E01011305,4100,20862.0,18707.0,23832,10330,1464,22872.0,E,33755,8732,2,7.0,6.0,8,4,1,7.0,3,81.6,17.6,11.3,86.1,40.2,1.0,1.5,76.6,1492,63.15,14.450000000000001,2911.5,441238.652,430088.364
E01011306,4338,12433.0,18707.0,30188,9370,1555,29038.0,E,33755,16775,2,4.0,6.0,9,3,1,9.0,5,77.3,22.9,17.5,69.1,32.5,32.8,9.4,68.4,1301,50.8,20.2,5605.733333333334,440979.493,430576.563999999
E01011307,4634,18806.0,9458.0,11721,14281,715,10837.0,E,33755,1001,2,6.0,3.0,4,5,1,4.0,1,83.1,13.3,6.0,96.6,50.7,1.0,1.7,83.2,1600,73.65,9.65,334.56666666666666,441221.565,428372.169
E01011308,3486,28163.0,9458.0,18670,12092,1054,16141.0,E,33755,5557,2,9.0,3.0,6,4,1,5.0,2,84.8,16.2,8.5,80.5,50.9,10.5,4.4,75.1,1496,65.7,12.35,1857.3,440639.211,428850.944
E01011309,2872,3575.0,23805.0,24567,3027,3197,20402.0,E,33755,5417,1,2.0,8.0,8,1,1,7.0,2,83.4,21.2,8.7,96.4,38.8,13.6,5.5,77.3,1505,67.6,14.95,1812.0333333333335,440637.409,437590.785
E01011310,2519,5024.0,23805.0,23133,282,2464,24863.0,E,33755,6380,1,2.0,8.0,7,1,1,8.0,2,81.4,17.4,9.1,77.1,46.7,18.7,3.7,83.5,1627,61.9,13.25,2134.133333333333,437937.488,440495.786
E01011311,2899,8752.0,27352.0,33338,2419,2478,30509.0,E,33755,27355,1,3.0,9.0,10,1,1,10.0,9,70.4,27.1,22.5,42.1,17.4,33.8,14.1,50.0,1265,29.75,24.8,9134.3,436056.822,441303.455
E01011312,31448,25387.0,949.0,217,24314,163,13.0,E,33755,7956,10,8.0,1.0,1,8,1,1.0,3,83.2,14.0,7.8,81.4,32.2,10.0,3.7,81.0,2025,56.800000000000004,10.9,2656.5666666666666,429899.111,431003.886
E01011313,20281,17707.0,6632.0,6854,23112,136,3624.0,E,33755,2039,7,6.0,2.0,3,7,1,2.0,1,85.3,22.7,6.3,87.8,50.7,-2.1,-1.8,81.1,1744,69.25,14.5,678.3666666666667,429042.634,430768.889
E01011314,19424,14984.0,18707.0,7601,23727,99,5404.0,E,33755,3500,6,5.0,6.0,3,8,1,2.0,2,81.9,17.1,9.9,106.0,41.6,2.7,1.2,86.7,1573,73.8,13.5,1167.9666666666665,429148.483,430925.215
E01011315,23408,24598.0,17166.0,9466,21215,134,10469.0,E,33755,7346,7,8.0,6.0,3,7,1,4.0,3,80.4,18.2,8.5,93.1,34.8,10.1,6.9,73.9,1613,63.949999999999996,13.35,2454.3333333333335,428796.785,430626.450999999
E01011316,22976,18261.0,949.0,2028,23449,179,158.0,E,33755,1453,7,6.0,1.0,1,7,1,1.0,1,82.4,16.5,9.1,107.8,38.8,2.7,0.1,91.9,2014,73.3,12.8,485.26666666666665,429701.158,430733.755000001
E01011317,24140,11059.0,949.0,1406,19607,28,9543.0,E,33755,1157,8,4.0,1.0,1,6,1,3.0,1,85.1,15.1,5.1,100.0,53.5,-4.8,-3.0,90.6,1776,76.75,10.1,383.06666666666666,427840.884,430261.262
E01011318,23485,6825.0,949.0,1198,17024,109,4547.0,E,33755,350,7,3.0,1.0,1,6,1,2.0,1,81.7,17.9,5.1,88.8,52.8,1.9,0.6,90.4,1552,70.8,11.5,117.5,427430.387,430397.467
E01011319,19914,11231.0,9458.0,8821,21201,259,7814.0,E,33755,1784,6,4.0,3.0,3,7,1,3.0,1,83.8,25.9,6.7,98.7,50.2,-1.2,0.1,88.1,1604,74.45,16.3,594.3,429296.753,430253.491
E01011320,23539,20934.0,9458.0,14467,17355,230,11849.0,E,33755,5200,7,7.0,3.0,5,6,1,4.0,2,81.1,17.7,10.5,92.4,46.2,2.8,-1.8,84.3,1790,69.30000000000001,14.1,1733.6666666666667,429038.753,430003.242000001
E01011321,27514,11109.0,9458.0,4811,20544,31,2973.0,E,33755,2464,9,4.0,3.0,2,7,1,1.0,1,84.1,12.6,8.3,110.4,50.2,-3.0,2.4,82.0,1660,80.30000000000001,10.45,821.1333333333333,428542.273,429856.982999999
E01011322,19966,5302.0,9458.0,10520,20730,254,15592.0,E,33755,2525,6,2.0,3.0,4,7,1,5.0,1,82.5,22.5,8.7,100.6,41.5,7.0,1.7,87.0,1659,71.05,15.6,844.5666666666666,429069.543,429550.030999999
E01011323,24840,27257.0,9458.0,7955,20796,698,17962.0,E,33755,9477,8,9.0,3.0,3,7,1,6.0,3,79.8,26.1,10.9,92.0,35.0,16.4,5.1,75.3,1297,63.5,18.5,3166.1666666666665,424448.97,435522.465
E01011324,24813,15474.0,6632.0,2128,18800,357,604.0,E,33755,1225,8,5.0,2.0,1,6,1,1.0,1,86.1,17.4,4.1,101.1,53.6,11.0,-1.2,89.3,1837,77.35,10.75,411.59999999999997,425743.302,435550.174000001
E01011325,15653,15248.0,18707.0,11737,17497,831,16624.0,E,33755,4252,5,5.0,6.0,4,6,1,5.0,2,81.8,21.3,6.9,90.3,40.9,0.7,3.8,82.1,1644,65.6,14.100000000000001,1418.8333333333333,424312.772,435936.606000001
E01011326,22043,21235.0,9458.0,3275,18993,583,5067.0,E,33755,2253,7,7.0,3.0,1,6,1,2.0,1,83.2,13.9,7.2,89.4,47.1,4.5,0.2,88.1,1486,68.25,10.55,752.5666666666666,424874.733,435809.941
E01011327,9424,8183.0,18707.0,8150,22889,1517,15009.0,E,33755,2714,3,3.0,6.0,3,7,1,5.0,1,87.9,13.9,6.7,97.3,52.1,3.4,3.1,77.9,1348,74.7,10.3,906.8333333333334,423003.374,435665.202
E01011328,18199,21491.0,9458.0,8548,29431,1201,13487.0,E,33755,7879,6,7.0,3.0,3,9,1,4.0,3,84.2,20.8,10.7,97.2,40.0,23.2,7.1,73.5,1591,68.6,15.75,2636.4333333333334,422647.349,435229.061000001
E01011329,16316,16971.0,18707.0,20995,21509,906,23895.0,E,33755,11701,5,6.0,6.0,7,7,1,8.0,4,77.5,25.2,11.8,83.6,32.4,8.9,8.0,73.1,1493,58.0,18.5,3905.9666666666667,423846.903,435435.037
E01011330,11770,11542.0,9458.0,11882,18594,1155,12568.0,E,33755,1475,4,4.0,3.0,4,6,1,4.0,1,86.3,19.7,11.1,101.2,47.1,5.4,-1.8,88.1,1345,74.15,15.399999999999999,492.86666666666673,423598.724,435660.07
E01011331,30328,28041.0,18707.0,10077,22336,692,13456.0,E,33755,15693,9,9.0,6.0,3,7,1,4.0,5,79.0,27.9,14.9,75.1,32.8,14.9,9.0,61.9,1340,53.949999999999996,21.4,5238.966666666666,424323.532,435048.454
E01011332,28951,15826.0,9458.0,2714,20554,457,3668.0,E,33755,3675,9,5.0,3.0,1,7,1,2.0,2,82.6,18.8,6.6,81.2,43.4,8.8,5.7,77.8,1620,62.3,12.7,1229.8333333333333,425084.321,435388.663000001
E01011333,13982,24091.0,9458.0,8766,23368,1291,10872.0,E,33755,4202,5,8.0,3.0,3,7,1,4.0,2,83.4,22.2,5.5,94.0,38.0,6.0,1.4,84.7,1369,66.0,13.85,1403.1333333333332,423305.368,435112.874
E01011334,29949,30557.0,18707.0,7165,23723,824,5777.0,E,33755,15641,9,10.0,6.0,3,8,1,2.0,5,80.1,30.9,14.3,74.5,28.0,19.8,7.1,65.0,1397,51.25,22.6,5222.633333333333,424104.315,434675.152000001
E01011335,25581,27596.0,18707.0,11912,29472,971,15612.0,E,33755,17096,8,9.0,6.0,4,9,1,5.0,6,72.9,26.2,18.0,69.2,24.9,22.6,11.0,59.7,1710,47.05,22.1,5709.866666666666,422977.478,434721.026000001
E01011336,32655,24767.0,949.0,2297,21773,580,8677.0,E,33755,11278,10,8.0,1.0,1,7,1,3.0,4,79.8,20.6,10.9,83.9,44.5,19.0,6.7,69.7,1551,64.2,15.75,3767.9,424652.074,434710.710999999
E01011337,23389,21846.0,9458.0,1965,24608,992,1051.0,E,33755,3396,7,7.0,3.0,1,8,1,1.0,2,85.1,19.2,6.6,82.8,40.8,6.7,-1.0,88.3,1734,61.8,12.899999999999999,1133.8999999999999,423738.22,434787.677999999
E01011338,28728,12031.0,949.0,781,29951,342,1533.0,E,33755,5336,9,4.0,1.0,1,9,1,1.0,2,81.8,17.9,6.4,94.4,47.4,25.8,6.8,77.6,2029,70.9,12.149999999999999,1789.5333333333335,431607.825,433735.846999999
E01011339,27479,17671.0,949.0,4790,17314,854,4593.0,E,33755,2263,9,6.0,1.0,2,6,1,2.0,1,87.2,15.8,8.8,100.4,54.4,7.5,1.8,87.8,2115,77.4,12.3,757.4333333333334,433586.675,435222.136
E01011340,29440,21722.0,949.0,3264,24389,651,3924.0,E,33755,5679,9,7.0,1.0,1,8,1,2.0,2,85.4,22.3,7.6,94.8,42.1,10.7,0.9,88.1,1816,68.45,14.95,1896.8666666666666,432979.42,434470.049000001
E01011341,23607,15713.0,9458.0,10636,16703,1272,10612.0,E,33755,3089,7,5.0,3.0,4,5,1,4.0,1,84.4,17.3,5.1,88.2,45.3,1.3,2.3,89.3,2172,66.75,11.2,1030.8666666666668,434407.894,434055.959000001
E01011342,24217,21758.0,949.0,1688,19794,835,788.0,E,33755,1679,8,7.0,1.0,1,6,1,1.0,1,84.9,12.7,8.4,97.6,62.1,-7.3,-0.4,94.1,1878,79.85,10.55,557.1,433547.995,434769.327
E01011343,23542,13139.0,9458.0,10945,16312,1447,18677.0,E,33755,4456,7,4.0,3.0,4,5,1,6.0,2,82.0,19.0,8.3,97.3,35.6,3.1,4.3,82.6,1980,66.45,13.65,1487.8000000000002,434890.445,434832.402000001
E01011344,32979,32996.0,9458.0,277,26201,482,141.0,E,33755,22426,10,10.0,3.0,1,8,1,1.0,7,74.2,33.8,17.7,67.7,26.5,21.9,14.1,51.2,2057,47.1,25.75,7487.333333333333,432456.343,434691.851
E01011345,28826,18456.0,9458.0,4104,16417,1703,7074.0,E,33755,4125,9,6.0,3.0,2,5,1,3.0,2,84.9,14.1,7.8,86.7,49.7,1.4,4.9,81.1,1498,68.2,10.95,1377.0999999999997,435841.274,434557.153999999
E01011346,18303,10734.0,949.0,2588,19469,965,4524.0,E,33755,354,6,4.0,1.0,1,6,1,2.0,1,88.7,12.3,3.9,101.1,49.9,-2.8,-3.7,90.0,1892,75.5,8.1,115.83333333333333,433763.632,434358.079
E01011347,31525,26272.0,9458.0,174,26190,503,240.0,E,33755,10759,10,8.0,3.0,1,8,1,1.0,4,81.1,23.7,12.3,97.5,42.3,3.0,6.2,73.3,1975,69.9,18.0,3589.4,432585.457,434400.106000001
E01011348,28668,17236.0,949.0,656,25813,554,907.0,E,33755,3748,9,6.0,1.0,1,8,1,1.0,2,84.3,19.8,9.5,94.6,42.0,8.8,2.2,87.5,1796,68.3,14.65,1253.0,432627.916,434147.286
E01011349,27538,16990.0,949.0,1068,26708,410,3250.0,E,33755,3800,9,6.0,1.0,1,8,1,1.0,2,84.1,17.2,8.7,86.7,45.3,7.2,-1.6,88.0,1819,66.0,12.95,1268.5333333333333,431835.974,434015.165999999
E01011350,28117,15254.0,27352.0,22771,19022,374,25246.0,E,33755,20524,9,5.0,9.0,7,6,1,8.0,7,79.4,30.2,15.6,69.4,20.9,23.3,8.9,61.5,1538,45.150000000000006,22.9,6852.066666666667,430162.675,437071.255999999
E01011351,27092,27325.0,30601.0,17180,18482,437,23493.0,E,33755,23216,9,9.0,10.0,6,6,1,7.0,7,76.6,32.3,14.8,53.8,21.3,37.1,14.0,52.6,1714,37.55,23.549999999999997,7755.7,430763.677,437301.668
E01011352,32774,26928.0,30601.0,12279,19742,320,14492.0,E,33755,24831,10,8.0,10.0,4,6,1,5.0,8,75.4,32.3,19.9,57.9,16.0,34.8,13.4,54.0,1849,36.95,26.099999999999998,8293.066666666668,430535.372,436798.842
E01011353,24518,13044.0,27352.0,26605,20963,348,30922.0,E,33755,25674,8,4.0,9.0,8,7,1,10.0,8,73.9,35.1,22.1,70.1,28.8,23.7,17.7,50.0,1934,49.449999999999996,28.6,8571.800000000001,431270.033,436693.16
E01011354,26021,18491.0,9458.0,2341,18898,321,1502.0,E,33755,2237,8,6.0,3.0,1,6,1,1.0,1,83.1,18.2,5.8,92.0,55.2,-0.8,1.1,88.3,1574,73.6,12.0,745.7666666666665,429392.993,436889.562999999
E01011355,21516,11789.0,9458.0,6810,20075,275,5616.0,E,33755,1477,7,4.0,3.0,3,6,1,2.0,1,85.8,18.0,4.0,100.9,53.1,-2.8,-0.5,91.5,1490,77.0,11.0,491.23333333333335,429759.332,436670.66
E01011356,24204,15413.0,27352.0,11495,23411,213,12601.0,E,33755,10473,8,5.0,9.0,4,7,1,4.0,4,82.4,21.4,13.0,80.4,19.4,7.6,9.7,72.4,2017,49.900000000000006,17.2,3496.766666666667,430843.994,436317.071
E01011357,16760,15379.0,949.0,901,25049,58,706.0,E,33755,680,5,5.0,1.0,1,8,1,1.0,1,85.4,21.0,5.0,96.7,41.8,9.0,-1.0,91.4,2056,69.25,13.0,229.33333333333334,430548.212,435857.954
E01011358,27293,11569.0,9458.0,3787,22515,177,4094.0,E,33755,2869,9,4.0,3.0,2,7,1,2.0,1,83.0,17.1,6.1,83.3,44.3,4.1,-0.8,89.5,1551,63.8,11.600000000000001,957.4333333333333,430391.776,436302.812999999
E01011359,20346,19026.0,6632.0,6611,25082,293,3328.0,E,33755,2716,7,6.0,2.0,2,8,1,1.0,1,85.4,12.2,4.5,106.6,38.5,9.1,2.6,78.9,1895,72.55,8.35,909.2333333333332,431651.054,436077.528000001
E01011360,15798,25295.0,949.0,2197,26125,49,967.0,E,33755,2396,5,8.0,1.0,1,8,1,1.0,1,81.8,19.7,9.9,95.7,41.6,5.2,-0.9,87.5,2232,68.65,14.8,800.0999999999999,430745.514,435533.891000001
E01011361,18053,19728.0,949.0,990,26936,103,323.0,E,33755,1630,6,6.0,1.0,1,8,1,1.0,1,84.0,15.7,6.1,98.6,44.7,2.3,0.4,84.2,2863,71.65,10.899999999999999,544.2333333333333,431176.135,435532.734999999
E01011362,24548,31043.0,9458.0,2239,20898,22,5089.0,E,33755,8207,8,10.0,3.0,1,7,1,2.0,3,83.6,18.5,10.5,81.9,41.9,13.3,5.8,76.2,1935,61.900000000000006,14.5,2742.033333333333,427683.719,432683.718
E01011363,22785,18285.0,949.0,427,25640,88,2386.0,E,33755,1961,7,6.0,1.0,1,8,1,1.0,1,86.1,18.0,6.6,109.1,40.5,13.1,0.8,84.8,1961,74.8,12.3,658.3,428195.339,433034.619000001
E01011364,27832,20555.0,949.0,2616,26242,66,5959.0,E,33755,5186,9,7.0,1.0,1,8,1,2.0,2,84.6,10.8,9.5,74.9,43.6,9.3,5.3,84.2,2124,59.25,10.15,1733.5333333333335,429642.083,431761.285
E01011366,15424,28489.0,949.0,749,23789,20,541.0,E,33755,2638,5,9.0,1.0,1,8,1,1.0,1,82.5,11.5,7.6,97.4,43.5,2.2,0.6,84.7,1786,70.45,9.55,880.2666666666665,428873.396,431898.923
E01011368,15808,25542.0,949.0,181,25161,3,91.0,E,33755,1890,5,8.0,1.0,1,8,1,1.0,1,86.9,16.0,8.1,92.6,44.4,6.6,2.1,84.8,1664,68.5,12.05,632.9,429093.704,431841.902000001
E01011369,20037,17373.0,949.0,7112,18644,144,12884.0,E,33755,1871,6,6.0,1.0,3,6,1,4.0,1,87.4,20.4,9.4,99.4,43.8,6.8,0.9,89.4,1589,71.6,14.899999999999999,626.2333333333333,428419.026,430989.324999999
E01011370,17526,21087.0,9458.0,4334,24298,34,1720.0,E,33755,2202,6,7.0,3.0,2,8,1,1.0,1,85.5,16.9,3.1,98.4,52.5,5.8,-2.5,94.1,1689,75.45,10.0,735.1,428976.549,431211.601
E01011371,31079,22931.0,949.0,556,25433,120,3302.0,E,33755,7514,10,7.0,1.0,1,8,1,1.0,3,81.1,18.2,13.9,79.6,38.6,12.9,4.7,76.0,1812,59.099999999999994,16.05,2510.5333333333333,429996.716,431588.471000001
E01011372,28887,27544.0,949.0,143,24739,108,128.0,E,33755,6591,9,9.0,1.0,1,8,1,1.0,2,81.6,20.4,10.1,92.8,42.8,8.6,3.8,79.0,1750,67.8,15.25,2201.1333333333337,429880.52,431141.926999999
E01011373,21882,25550.0,949.0,1708,25225,41,1317.0,E,33755,3269,7,8.0,1.0,1,8,1,1.0,1,83.6,22.6,5.7,104.2,43.0,6.7,-1.5,92.5,1553,73.6,14.15,1091.3999999999999,429573.723,431367.732000001
E01011374,33200,31924.0,9458.0,2301,25278,191,1146.0,E,33755,20764,10,10.0,3.0,1,8,1,1.0,7,75.9,28.6,15.0,60.4,26.6,30.8,12.7,56.5,1251,43.5,21.8,6935.833333333333,430362.098,431316.359999999
E01011375,23374,20251.0,949.0,390,24147,105,67.0,E,33755,1796,7,6.0,1.0,1,8,1,1.0,1,83.0,16.3,5.2,103.3,53.0,8.7,3.0,82.0,2087,78.15,10.75,602.5666666666667,429528.639,430973.743000001
E01011376,9242,13795.0,23805.0,31297,6600,1532,21681.0,E,33755,15804,3,5.0,8.0,10,2,1,7.0,5,76.4,22.8,14.5,71.3,37.2,17.7,10.6,61.8,1662,54.25,18.65,5277.433333333333,424908.456,440611.721999999
E01011377,16509,24736.0,17166.0,26631,7975,1495,20400.0,E,33755,12433,5,8.0,6.0,8,3,1,7.0,4,76.3,26.7,12.7,79.9,36.0,15.6,9.3,61.1,1389,57.95,19.7,4152.633333333333,425168.815,440292.65
E01011378,22093,9088.0,9458.0,3826,7454,1419,8593.0,E,33755,497,7,3.0,3.0,2,3,1,3.0,1,81.9,14.5,3.8,103.9,44.6,11.1,0.1,87.6,1418,74.25,9.15,169.4,425695.459,440342.583000001
E01011379,22896,16321.0,9458.0,6470,9608,1249,13307.0,E,33755,1969,7,5.0,3.0,2,3,1,4.0,1,84.7,20.5,2.4,88.4,40.6,8.2,2.1,87.2,1611,64.5,11.45,659.7666666666667,425750.721,439930.554
E01011380,10257,5007.0,23805.0,28079,7707,957,31959.0,E,33755,20234,4,2.0,8.0,9,3,1,10.0,6,76.0,29.9,18.7,69.4,32.2,27.8,10.9,55.4,1550,50.800000000000004,24.299999999999997,6757.566666666667,427706.775,439649.0
E01011381,16190,16822.0,27352.0,26254,6433,1285,30620.0,E,33755,21112,5,5.0,9.0,8,2,1,10.0,7,75.8,28.8,17.2,61.3,22.1,26.1,12.6,52.2,1475,41.7,23.0,7050.233333333333,426592.609,440267.729
E01011382,8438,11981.0,18707.0,30739,9201,1473,33290.0,E,33755,26639,3,4.0,6.0,10,3,1,10.0,8,71.2,38.5,21.3,45.9,27.5,31.7,17.9,50.0,1609,36.7,29.9,8896.2,424686.931,439841.095000001
E01011383,19006,14669.0,18707.0,17009,9528,1049,19878.0,E,33755,5791,6,5.0,6.0,6,3,1,6.0,2,86.2,19.2,7.1,82.8,41.9,9.1,-2.3,85.0,1673,62.349999999999994,13.149999999999999,1932.6000000000001,426309.875,439570.913000001
E01011384,14823,13841.0,18707.0,16255,10086,1361,17928.0,E,33755,4048,5,5.0,6.0,5,3,1,6.0,2,80.1,12.7,4.3,88.1,40.8,6.2,0.4,80.4,1518,64.44999999999999,8.5,1351.5333333333333,425100.149,439745.761
E01011385,6346,5917.0,23805.0,25151,7414,735,29739.0,E,33755,13150,2,2.0,8.0,8,3,1,9.0,4,79.5,26.5,9.8,77.9,32.9,13.7,5.5,70.8,1338,55.400000000000006,18.15,4389.733333333334,427816.811,439233.828
E01011386,12370,16087.0,27352.0,28623,8922,865,28271.0,E,33755,19617,4,5.0,9.0,9,3,1,9.0,6,77.8,28.5,17.2,66.0,20.4,16.9,14.6,55.4,1815,43.2,22.85,6549.5,426941.23,439503.437000001
E01011388,13943,10411.0,18707.0,15178,11321,1119,29018.0,E,33755,9070,5,4.0,6.0,5,4,1,9.0,3,84.1,24.6,10.0,77.7,39.1,12.6,4.3,77.4,1578,58.400000000000006,17.3,3028.9666666666667,425447.746,439228.689999999
E01011390,4725,32162.0,9458.0,14194,5949,2197,12954.0,E,33755,6971,2,10.0,3.0,5,2,1,4.0,3,80.0,13.9,7.8,99.1,47.7,7.7,3.3,77.2,1365,73.4,10.85,2327.3333333333335,438522.063,430204.198999999
E01011391,5056,26730.0,16498.0,16860,5659,2279,14687.0,E,33755,4513,2,8.0,5.0,5,2,1,5.0,2,82.5,15.5,7.5,91.6,39.2,5.4,0.4,79.5,1558,65.4,11.5,1506.2666666666664,438124.285,430423.471999999
E01011392,3471,9550.0,16498.0,18970,8050,1512,21979.0,E,33755,3237,2,3.0,5.0,6,3,1,7.0,1,83.7,16.8,5.7,91.8,48.5,-0.2,1.2,85.8,1984,70.15,11.25,1079.3333333333333,440149.481,429708.103
E01011393,3801,24582.0,23805.0,25699,8952,1165,24620.0,E,33755,13709,2,8.0,8.0,8,3,1,8.0,5,79.1,26.8,11.2,79.1,44.6,16.2,8.2,66.0,2202,61.849999999999994,19.0,4577.8,439197.961,427049.017000001
E01011394,4779,23387.0,17166.0,21104,11713,922,22183.0,E,33755,7811,2,7.0,6.0,7,4,1,7.0,3,84.3,20.7,9.8,88.9,45.8,7.5,2.9,80.6,1156,67.35,15.25,2607.133333333333,440130.483,427168.390000001
E01011395,4510,9108.0,27352.0,23936,7684,706,22564.0,E,33755,8904,2,3.0,9.0,8,3,1,7.0,3,82.3,22.5,12.3,85.5,40.6,11.3,2.8,80.0,1198,63.05,17.4,2972.6999999999994,439465.853,426003.411
E01011396,23592,31609.0,18707.0,14279,7902,2411,18186.0,E,33755,14452,7,10.0,6.0,5,3,1,6.0,5,79.0,24.2,14.5,67.4,34.7,20.1,6.8,65.5,1888,51.050000000000004,19.35,4826.3,440288.912,433173.931
E01011397,21809,10183.0,18707.0,22982,7532,2344,25440.0,E,33755,10686,7,4.0,6.0,7,3,1,8.0,4,77.8,23.5,11.4,92.1,44.4,23.8,3.6,73.5,1501,68.25,17.45,3571.133333333333,441488.897,433308.504000001
E01011398,19457,6244.0,27352.0,31134,6649,2390,32888.0,E,33755,28531,6,2.0,9.0,10,2,1,10.0,9,71.5,36.3,18.6,41.7,24.8,35.7,19.3,50.0,1141,33.25,27.45,9528.666666666666,441816.835,433513.098999999
E01011399,14153,18380.0,17166.0,18686,7358,2381,20755.0,E,33755,5897,5,6.0,6.0,6,3,1,7.0,2,81.2,19.8,8.9,106.7,38.9,3.0,5.5,79.7,1502,72.8,14.350000000000001,1968.5,439836.669,432964.062999999
E01011400,28716,17386.0,17166.0,14623,7959,2412,16351.0,E,33755,8154,9,6.0,6.0,5,3,1,5.0,3,79.2,25.0,8.2,80.3,28.6,7.3,2.8,77.6,1394,54.45,16.6,2721.366666666667,440863.274,433342.989
E01011401,14628,13762.0,23805.0,28238,7591,2185,29761.0,E,33755,19058,5,5.0,8.0,9,3,1,9.0,6,78.2,30.8,15.3,59.1,30.6,24.9,10.0,63.6,1773,44.85,23.05,6364.3,441348.188,432501.579
E01011402,10336,14236.0,16498.0,21649,6677,2340,24838.0,E,33755,7007,4,5.0,5.0,7,2,1,8.0,3,85.3,16.8,11.1,102.2,48.2,5.7,1.9,83.3,2053,75.2,13.95,2338.2,439792.365,432587.351
E01011403,21060,21498.0,16498.0,18114,8973,2304,27024.0,E,33755,11998,7,7.0,5.0,6,3,1,9.0,4,81.5,22.1,15.1,70.9,40.2,8.0,9.1,73.6,1515,55.550000000000004,18.6,4005.0333333333333,440774.297,432913.381999999
E01011404,11555,9243.0,23805.0,27885,6560,2116,32605.0,E,33755,22690,4,3.0,8.0,9,2,1,10.0,7,74.1,33.1,19.3,73.2,32.9,25.3,13.0,54.9,1377,53.05,26.200000000000003,7576.099999999999,441676.514,432659.098999999
E01011405,11171,20334.0,16498.0,23904,8171,2117,32359.0,E,33755,19728,4,7.0,5.0,8,3,1,10.0,6,75.7,32.5,18.6,50.2,37.1,23.5,16.6,50.5,1474,43.650000000000006,25.55,6589.366666666666,440828.588,432300.391000001
E01011406,27805,5953.0,18707.0,25385,14528,1916,28568.0,E,33755,18377,9,2.0,6.0,8,5,1,9.0,6,73.1,32.9,12.9,76.3,20.8,19.4,8.1,56.6,1315,48.55,22.9,6134.833333333333,436501.384,435180.513
E01011407,17575,9822.0,9458.0,16127,11618,2042,17890.0,E,33755,2799,6,3.0,3.0,5,4,1,6.0,1,85.8,20.5,4.5,94.9,47.3,1.2,3.1,78.2,1424,71.1,12.5,934.4333333333333,436913.368,435393.375
E01011408,29386,5628.0,16498.0,14992,15073,1884,28694.0,E,33755,14564,9,2.0,5.0,5,5,1,9.0,5,77.5,22.8,13.4,78.4,28.1,17.0,8.1,67.7,1493,53.25,18.1,4863.033333333334,436403.03,434364.965
E01011409,26996,7591.0,18707.0,14696,14003,1984,14808.0,E,33755,6150,8,3.0,6.0,5,5,1,5.0,2,81.6,22.0,11.4,89.7,46.5,11.1,4.1,80.6,1442,68.1,16.7,2055.066666666667,436614.08,434721.693
E01011410,13720,2737.0,17166.0,26188,6867,2865,31951.0,E,33755,17025,5,1.0,6.0,8,3,1,10.0,6,80.0,26.3,15.0,59.9,22.6,27.1,10.8,64.9,1658,41.25,20.65,5687.633333333332,437576.926,435104.626
E01011411,24888,8862.0,23805.0,27756,6829,3155,24126.0,E,33755,16120,8,3.0,8.0,9,3,1,8.0,5,74.3,24.9,16.7,73.2,28.3,27.4,7.9,62.9,1714,50.75,20.799999999999997,5385.099999999999,437356.8,433377.835000001
E01011412,21307,5165.0,16498.0,21710,12962,2149,27959.0,E,33755,11469,7,2.0,5.0,7,4,1,9.0,4,83.0,20.0,10.8,80.0,44.8,14.3,5.4,74.8,1816,62.4,15.4,3829.566666666666,436828.788,434009.237
E01011413,21989,10269.0,27352.0,23763,16286,1709,28942.0,E,33755,19642,7,4.0,9.0,8,5,1,9.0,6,76.0,30.8,15.3,80.6,39.6,22.7,13.8,56.6,1455,60.099999999999994,23.05,6559.5,435758.44,434080.140000001
E01011414,18198,15646.0,18707.0,23087,12731,1962,27380.0,E,33755,13194,6,5.0,6.0,7,4,1,9.0,4,79.8,23.6,13.0,83.7,39.8,22.9,10.4,62.0,1500,61.75,18.3,4409.099999999999,436394.257,433822.128
E01011415,24916,20030.0,18707.0,17395,13795,1548,20161.0,E,33755,10162,8,6.0,6.0,6,5,1,6.0,4,81.4,22.8,10.3,73.7,43.3,17.7,9.5,74.2,1639,58.5,16.55,3396.4,435079.575,433470.549000001
E01011416,17654,12719.0,18707.0,19994,14123,1773,16955.0,E,33755,6012,6,4.0,6.0,6,5,1,6.0,2,82.0,19.3,7.9,74.9,36.5,-2.9,5.1,83.8,1485,55.7,13.600000000000001,2004.7333333333336,435865.166,433704.253
E01011417,21388,14161.0,16498.0,16184,12221,1628,21746.0,E,33755,6803,7,5.0,5.0,5,4,1,7.0,3,81.4,25.0,10.3,85.4,47.1,15.8,0.8,80.3,1528,66.25,17.65,2273.2000000000003,435373.456,433437.377
E01011418,20744,6033.0,18707.0,23512,7595,2871,32871.0,E,33755,21212,7,2.0,6.0,7,3,1,10.0,7,74.7,33.2,17.3,61.8,37.2,18.9,11.5,58.1,1457,49.5,25.25,7080.8,436906.889,433254.184
E01011419,17778,3703.0,23805.0,31044,9015,2728,29308.0,E,33755,21441,6,2.0,8.0,10,3,1,9.0,7,77.6,32.4,17.8,47.2,26.8,28.0,11.0,58.5,1109,37.0,25.1,7160.0,436576.297,433052.233999999
E01011420,14027,4451.0,16498.0,24888,9959,1827,31566.0,E,33755,15666,5,2.0,5.0,8,3,1,10.0,5,78.7,22.2,12.3,71.1,20.9,18.6,12.3,63.1,1359,46.0,17.25,5232.3,435572.549,432982.391000001
E01011421,16737,26760.0,9458.0,7771,15807,902,6800.0,E,33755,3069,5,8.0,3.0,3,5,1,3.0,1,81.2,17.8,10.3,84.0,50.7,5.6,2.4,81.3,1526,67.35,14.05,1025.6666666666667,433546.734,436135.927999999
E01011422,23661,27892.0,9458.0,3037,26396,298,159.0,E,33755,6533,8,9.0,3.0,1,8,1,1.0,2,86.5,21.9,10.0,80.5,40.0,2.7,2.3,84.5,1616,60.25,15.95,2179.3333333333335,431839.542,435811.946
E01011423,21580,19760.0,9458.0,6089,17340,816,3655.0,E,33755,1826,7,6.0,3.0,2,6,1,2.0,1,80.6,14.8,4.5,96.2,53.8,-2.7,2.7,85.3,1735,75.0,9.65,608.6666666666666,433356.248,435813.358999999
E01011424,27436,23666.0,9458.0,9187,22688,631,2768.0,E,33755,6364,9,8.0,3.0,3,7,1,1.0,2,80.9,19.3,7.9,92.4,40.0,3.8,3.0,74.1,1938,66.2,13.600000000000001,2123.6,432872.964,435684.545
E01011425,13885,18258.0,18707.0,17331,14257,1081,18102.0,E,33755,5779,5,6.0,6.0,6,5,1,6.0,2,78.4,21.6,6.4,88.6,37.6,4.3,1.4,88.2,1552,63.099999999999994,14.0,1928.2333333333333,433997.185,436184.997
E01011426,17206,19224.0,949.0,1902,26675,218,98.0,E,33755,1450,6,6.0,1.0,1,8,1,1.0,1,84.8,22.3,4.0,87.8,60.2,1.9,-1.7,90.7,1698,74.0,13.15,483.40000000000003,431578.538,435717.151000001
E01011427,30887,17348.0,949.0,1789,26323,433,374.0,E,33755,5908,10,6.0,1.0,1,8,1,1.0,2,77.2,18.6,10.8,83.6,45.0,6.6,5.6,74.3,2045,64.3,14.700000000000001,1973.4000000000003,432528.649,435555.573000001
E01011428,27159,27122.0,949.0,3716,26920,302,138.0,E,33755,6884,9,9.0,1.0,2,8,1,1.0,3,85.8,16.6,10.2,85.7,46.3,12.2,4.6,80.9,2138,66.0,13.4,2300.266666666667,431962.747,435507.249
E01011429,19997,20084.0,949.0,1059,27146,217,154.0,E,33755,2049,6,6.0,1.0,1,9,1,1.0,1,83.1,16.2,11.5,92.0,44.4,1.1,1.3,95.1,2059,68.2,13.85,683.8000000000001,431645.135,435410.494000001
E01011430,31264,22172.0,949.0,3010,26794,364,71.0,E,33755,8105,10,7.0,1.0,1,8,1,1.0,3,78.3,21.9,10.9,66.8,32.3,16.7,1.6,82.9,1732,49.55,16.4,2707.766666666667,432228.152,435480.016000001
E01011431,29804,21190.0,949.0,2343,23239,650,1825.0,E,33755,4940,9,7.0,1.0,1,7,1,1.0,2,84.9,19.1,8.6,104.1,43.2,8.9,2.7,84.4,2097,73.65,13.850000000000001,1650.533333333333,432949.798,435261.949999999
E01011432,33038,31714.0,949.0,669,26842,397,50.0,E,33755,18862,10,10.0,1.0,1,8,1,1.0,6,75.6,30.2,15.8,68.0,48.4,28.6,12.4,55.3,1736,58.2,23.0,6301.0,432322.393,435174.223999999
E01011433,32072,32521.0,9458.0,272,26968,370,9.0,E,33755,19232,10,10.0,3.0,1,8,1,1.0,6,77.5,28.5,17.5,63.8,23.8,15.4,12.2,51.8,1927,43.8,23.0,6419.866666666668,432355.164,434933.705
E01011434,29380,28501.0,9458.0,642,27080,309,8.0,E,33755,10128,9,9.0,3.0,1,9,1,1.0,4,80.3,26.1,11.1,83.1,34.7,5.2,7.4,72.7,1805,58.9,18.6,3380.2000000000003,432020.95,435046.022
E01011435,28589,24348.0,31672.0,23377,17788,5,5026.0,E,33755,21098,9,8.0,10.0,7,6,1,2.0,7,71.8,34.9,16.0,56.3,21.0,34.1,14.1,56.6,1825,38.65,25.45,7048.733333333333,427603.183,436109.181
E01011440,30557,24423.0,31672.0,18181,18378,1,8236.0,E,33755,21539,10,8.0,10.0,6,6,1,3.0,7,73.9,29.6,20.9,67.7,27.0,33.6,13.9,53.6,1685,47.35,25.25,7195.5,427837.58,436022.562999999
E01011441,21289,22417.0,31672.0,13008,22452,24,3569.0,E,33755,13810,7,7.0,10.0,4,7,1,2.0,5,74.4,34.9,15.5,75.4,30.1,24.4,6.7,66.5,1959,52.75,25.2,4613.7,427825.296,435434.18
E01011442,19511,32208.0,31672.0,16120,22306,36,5216.0,E,33755,22180,6,10.0,10.0,5,7,1,2.0,7,75.3,31.7,19.1,63.8,20.1,26.1,15.9,54.8,1874,41.95,25.4,7407.333333333333,428205.542,435529.868000001
E01011443,14517,23827.0,31672.0,13472,23229,119,4385.0,E,33755,13123,5,8.0,10.0,4,7,1,2.0,4,80.0,26.9,14.1,69.0,27.7,20.6,7.5,68.6,1881,48.35,20.5,4383.7,428839.907,435513.914000001
E01011444,13442,28326.0,31672.0,11217,24736,124,1505.0,E,33755,14964,4,9.0,10.0,4,8,1,1.0,5,78.3,25.8,13.8,87.9,25.7,21.0,7.3,70.3,1992,56.800000000000004,19.8,4997.433333333333,428679.998,435203.048
E01011445,14068,33468.0,31672.0,20661,24502,54,2442.0,E,33755,26101,5,10.0,10.0,7,8,1,1.0,8,72.7,38.3,22.1,47.1,19.3,28.8,17.2,50.8,1790,33.2,30.2,8715.666666666666,428406.032,435220.09
E01011446,18534,32045.0,31672.0,14417,23831,45,2162.0,E,33755,21180,6,10.0,10.0,5,8,1,1.0,7,70.0,33.1,18.3,54.4,27.7,21.6,11.1,55.1,1755,41.05,25.700000000000003,7070.899999999999,428100.579,435262.875
E01011447,19094,28146.0,31672.0,11093,24690,21,1198.0,E,33755,16156,6,9.0,10.0,4,8,1,1.0,5,77.6,26.1,17.1,72.6,32.5,18.5,10.3,64.4,1428,52.55,21.6,5394.933333333333,428188.017,435020.196
E01011448,13595,27082.0,31672.0,6783,25246,70,898.0,E,33755,13189,5,9.0,10.0,3,8,1,1.0,4,80.9,22.7,13.8,68.6,32.5,19.8,7.6,65.7,1679,50.55,18.25,4405.466666666666,428550.072,434986.060000001
E01011449,16274,26759.0,31672.0,5149,25016,27,1462.0,E,33755,13237,5,8.0,10.0,2,8,1,1.0,4,77.0,20.9,11.8,79.8,30.0,16.6,9.8,68.2,1480,54.9,16.35,4421.133333333333,428292.236,434869.695
E01011450,26915,14491.0,18707.0,7767,19471,138,15064.0,E,33755,6701,8,5.0,6.0,3,6,1,5.0,2,83.7,23.0,10.1,93.8,32.8,10.9,2.2,84.7,1301,63.3,16.55,2238.0333333333333,429037.704,436394.356000001
E01011451,27802,11828.0,31672.0,18871,19650,12,10526.0,E,33755,16688,9,4.0,10.0,6,6,1,4.0,5,78.8,29.3,13.9,64.2,35.6,16.5,12.5,60.1,1553,49.900000000000006,21.6,5572.333333333333,428352.367,436262.414999999
E01011452,13170,14804.0,27352.0,30802,17253,1076,18392.0,E,33755,18437,4,5.0,9.0,10,6,1,6.0,6,77.4,31.4,17.7,51.9,20.6,22.7,11.4,60.6,1651,36.25,24.549999999999997,6157.033333333334,423351.252,437101.42
E01011453,14326,13201.0,27352.0,26058,18012,1007,19209.0,E,33755,13542,5,4.0,9.0,8,6,1,6.0,5,81.2,27.4,14.0,77.3,30.1,19.7,6.5,69.1,1566,53.7,20.7,4522.733333333334,424385.658,437275.366
E01011454,17490,25171.0,27352.0,28362,19007,1182,15944.0,E,33755,19277,6,8.0,9.0,9,6,1,5.0,6,78.3,29.6,15.0,51.5,29.1,17.4,7.4,64.6,1607,40.3,22.3,6433.933333333334,423549.287,437263.141000001
E01011455,11897,4741.0,27352.0,32983,9961,634,20150.0,E,33755,21289,4,2.0,9.0,10,3,1,6.0,7,74.9,29.0,16.6,55.9,27.6,21.6,9.8,62.0,1371,41.75,22.8,7106.799999999999,423130.069,438987.352
E01011456,12124,14230.0,23805.0,30273,11445,869,32136.0,E,33755,25031,4,5.0,8.0,9,4,1,10.0,8,73.3,31.7,19.6,51.2,29.4,27.6,14.6,50.0,2048,40.3,25.65,8357.733333333332,423894.193,439236.26
E01011457,6861,14121.0,27352.0,30379,10618,209,16774.0,E,33755,14116,3,5.0,9.0,9,4,1,5.0,5,74.8,26.4,13.6,80.9,28.2,19.8,7.3,66.7,1630,54.550000000000004,20.0,4714.366666666666,421277.589,439136.482999999
E01011458,10274,11658.0,23805.0,32483,11231,569,22683.0,E,33755,19782,4,4.0,8.0,10,4,1,7.0,6,74.3,32.0,18.9,75.4,14.1,20.1,14.9,50.0,2677,44.75,25.45,6605.666666666667,422152.927,438851.028000001
E01011459,18380,22348.0,27352.0,21737,16385,1126,28584.0,E,33755,20067,6,7.0,9.0,7,5,1,9.0,6,72.6,28.0,15.7,67.9,27.4,26.3,14.8,54.8,1679,47.650000000000006,21.85,6702.7,424066.625,438640.377
E01011460,18263,15762.0,27352.0,16936,17115,1222,18837.0,E,33755,10257,6,5.0,9.0,6,6,1,6.0,4,78.4,25.3,10.9,76.4,39.6,11.7,3.8,72.0,1538,58.0,18.1,3424.1666666666665,424394.863,438408.054
E01011461,19227,8191.0,23805.0,31745,16788,840,22299.0,E,33755,20195,6,3.0,8.0,10,5,1,7.0,6,75.2,24.4,18.6,72.4,30.0,26.3,15.7,50.0,1564,51.2,21.5,6745.666666666667,423093.006,438182.526000001
E01011462,23178,17278.0,18707.0,12100,18585,1131,13284.0,E,33755,6081,7,6.0,6.0,4,6,1,4.0,2,79.7,19.8,9.3,85.6,40.6,5.2,1.4,85.5,1728,63.099999999999994,14.55,2029.1999999999998,424160.877,437917.476
E01011463,14632,20576.0,9458.0,9346,16635,1097,14058.0,E,33755,2605,5,7.0,3.0,3,5,1,5.0,1,86.5,13.1,0.5,98.4,44.7,4.6,2.3,82.1,1692,71.55000000000001,6.8,870.6333333333333,424628.31,438038.331
E01011464,9392,23343.0,27352.0,24203,15625,984,27004.0,E,33755,18095,3,7.0,9.0,8,5,1,8.0,6,77.1,34.2,18.5,83.5,35.9,20.4,11.5,56.2,1810,59.7,26.35,6042.3,424980.643,437966.115
E01011465,19888,18526.0,18707.0,12074,19422,1125,17207.0,E,33755,6636,6,6.0,6.0,4,6,1,6.0,2,82.4,18.6,10.7,97.5,40.5,-2.1,6.2,79.9,1750,69.0,14.65,2213.3666666666663,423768.012,437589.018999999
E01011466,22768,8145.0,949.0,4800,12876,1029,8810.0,E,33755,489,7,3.0,1.0,2,4,1,3.0,1,82.8,16.8,6.3,91.0,38.3,-1.2,1.4,89.2,1537,64.65,11.55,163.06666666666666,431211.374,428672.066
E01011467,31186,13328.0,949.0,3317,25012,463,16244.0,E,33755,8462,10,4.0,1.0,1,8,1,5.0,3,83.3,29.7,10.9,84.7,51.0,11.9,8.7,72.3,1992,67.85,20.3,2827.5333333333333,430956.175,431744.776000001
E01011468,23684,11519.0,949.0,2095,21699,712,8581.0,E,33755,1383,8,4.0,1.0,1,7,1,3.0,1,83.4,16.0,2.3,95.7,53.5,-9.4,-1.5,91.4,2031,74.6,9.15,457.3666666666666,431494.616,431272.390000001
E01011469,9331,4837.0,9458.0,14786,12865,969,22731.0,E,33755,2268,3,2.0,3.0,5,4,1,7.0,1,82.6,15.5,5.3,97.7,52.2,-4.6,5.6,79.0,1418,74.95,10.4,756.3333333333334,431788.52,429307.004000001
E01011470,10851,8344.0,9458.0,6161,12770,1306,9116.0,E,33755,226,4,3.0,3.0,2,4,1,3.0,1,85.2,12.7,7.4,108.7,51.8,-1.8,-0.6,91.6,1294,80.25,10.05,74.53333333333333,431542.782,430633.609999999
E01011471,22734,15550.0,949.0,1137,21352,412,4106.0,E,33755,1070,7,5.0,1.0,1,7,1,2.0,1,84.5,15.8,5.0,103.1,62.5,2.2,0.5,85.4,1577,82.8,10.4,357.56666666666666,430809.298,430507.307
E01011472,13987,24137.0,949.0,1413,19686,511,4086.0,E,33755,969,5,8.0,1.0,1,6,1,2.0,1,84.9,18.2,3.9,100.2,46.2,-3.1,2.8,93.1,1656,73.2,11.049999999999999,322.9,431115.519,430299.827
E01011473,8774,11101.0,949.0,875,16101,632,2127.0,E,33755,23,3,4.0,1.0,1,5,1,1.0,1,83.7,14.1,2.3,106.6,44.8,0.4,0.4,86.9,1540,75.69999999999999,8.2,7.933333333333333,430968.781,429831.858999999
E01011474,8610,7451.0,949.0,1269,15400,785,3329.0,E,33755,14,3,3.0,1.0,1,5,1,1.0,1,83.4,13.6,6.8,96.2,52.9,1.7,-3.1,93.8,1591,74.55,10.2,4.2,431413.617,429779.653000001
E01011475,14778,5589.0,9458.0,2045,13123,844,4809.0,E,33755,90,5,2.0,3.0,1,4,1,2.0,1,85.5,15.6,6.8,108.1,46.8,-1.2,2.3,89.1,1610,77.44999999999999,11.2,30.366666666666664,431175.161,429226.411
E01011476,15212,5158.0,949.0,2837,12280,1028,5343.0,E,33755,33,5,2.0,1.0,1,4,1,2.0,1,84.7,16.2,4.8,92.1,47.3,1.9,0.0,88.2,1231,69.69999999999999,10.5,11.633333333333333,431582.173,428990.325999999
E01011477,28100,18318.0,6632.0,7456,17078,84,9335.0,E,33755,4137,9,6.0,2.0,3,6,1,3.0,2,83.6,16.4,2.6,98.5,40.1,9.4,0.3,87.8,2024,69.3,9.5,1382.2333333333333,426728.673,435490.870999999
E01011478,26800,27323.0,30601.0,6999,21410,2,3235.0,E,33755,15263,8,9.0,10.0,3,7,1,1.0,5,77.8,30.9,16.1,83.0,36.2,28.0,11.1,58.0,1769,59.6,23.5,5100.7,427471.601,435050.259
E01011479,23245,17418.0,31672.0,13165,22479,17,3224.0,E,33755,12961,7,6.0,10.0,4,7,1,1.0,4,81.0,28.6,13.1,70.1,28.7,6.9,11.1,66.8,1521,49.4,20.85,4326.333333333333,427676.151,435202.433
E01011480,23247,21323.0,18707.0,19255,19577,13,22020.0,E,33755,12651,7,7.0,6.0,6,6,1,7.0,4,79.6,22.8,12.1,88.8,40.4,15.1,10.5,62.0,1639,64.6,17.45,4225.533333333334,427041.704,435253.153000001
E01011481,22743,26111.0,31672.0,4833,24364,14,1583.0,E,33755,14532,7,8.0,10.0,2,8,1,1.0,5,79.6,29.7,13.6,75.7,27.8,29.9,6.1,67.9,1812,51.75,21.65,4856.0,428137.273,434652.742000001
E01011482,31322,27139.0,30601.0,10373,21552,7,7280.0,E,33755,20944,10,9.0,10.0,4,7,1,3.0,7,74.5,30.9,19.0,62.8,28.3,29.1,13.8,59.3,1737,45.55,24.95,6995.633333333332,427302.483,434824.458000001
E01011483,26288,26988.0,6632.0,2386,24459,9,1707.0,E,33755,5955,8,8.0,2.0,1,8,1,1.0,2,79.4,12.6,7.5,93.0,45.0,3.3,5.0,77.9,1625,69.0,10.05,1987.7666666666667,428281.882,434501.901000001
E01011484,8537,22998.0,949.0,3089,12258,584,2824.0,E,33755,205,3,7.0,1.0,1,4,1,1.0,1,82.5,13.6,4.8,103.4,61.1,7.0,-1.9,95.4,1599,82.25,9.2,70.03333333333333,425850.797,437167.051999999
E01011485,14510,12901.0,9458.0,5481,12576,422,9763.0,E,33755,487,5,4.0,3.0,2,4,1,3.0,1,83.9,19.7,6.0,111.9,46.4,-4.4,-1.6,96.0,1628,79.15,12.85,160.33333333333334,425983.131,436782.57
E01011488,27211,13732.0,30601.0,7450,14430,183,9145.0,E,33755,9990,9,5.0,10.0,3,5,1,3.0,3,81.0,24.5,8.8,80.7,39.7,17.6,5.5,78.6,1464,60.2,16.65,3337.7000000000003,426344.294,435934.870999999
E01011489,21371,16653.0,6632.0,6360,14495,156,11568.0,E,33755,1633,7,5.0,2.0,2,5,1,4.0,1,86.3,16.0,7.3,83.5,57.4,1.2,2.4,85.5,1765,70.45,11.65,545.5333333333334,426680.252,436103.793
E01011491,20740,12806.0,949.0,1927,17722,489,2891.0,E,33755,370,7,4.0,1.0,1,6,1,1.0,1,82.7,10.6,6.9,95.9,43.5,-7.8,-0.8,89.4,1451,69.7,8.75,120.46666666666665,429491.175,427909.444
E01011492,23484,20230.0,949.0,1955,12146,949,2234.0,E,33755,742,7,6.0,1.0,1,4,1,1.0,1,85.4,12.9,3.7,105.2,49.6,-5.5,1.3,88.1,1732,77.4,8.3,245.9333333333333,430360.291,427508.108999999
E01011493,18196,8324.0,949.0,1691,17773,384,2527.0,E,33755,127,6,3.0,1.0,1,6,1,1.0,1,87.2,11.5,8.4,89.4,47.8,8.5,-1.1,90.5,1612,68.6,9.95,44.800000000000004,429335.593,427832.443
E01011494,25817,28787.0,949.0,4010,12597,721,4174.0,E,33755,3955,8,9.0,1.0,2,4,1,2.0,2,81.4,19.9,6.8,90.7,36.8,3.6,2.6,76.8,1681,63.75,13.35,1320.3999999999999,430103.586,427693.545
E01011496,8188,12504.0,27352.0,30144,7808,1615,33336.0,E,33755,28273,3,4.0,9.0,9,3,1,10.0,9,73.3,34.9,21.9,46.2,3.7,34.2,18.1,50.0,1522,24.950000000000003,28.4,9441.766666666666,432669.195,427925.869999999
E01011497,20326,27148.0,949.0,1414,17032,678,2387.0,E,33755,1922,7,9.0,1.0,1,6,1,1.0,1,84.2,13.5,7.7,94.6,52.1,11.6,-1.1,84.0,1729,73.35,10.6,644.1666666666666,429696.068,427522.473999999
E01011500,5800,19511.0,17166.0,18939,8529,2159,27706.0,E,33755,8940,2,6.0,6.0,6,3,1,9.0,3,79.9,21.1,8.5,92.7,38.9,5.4,1.9,74.5,1577,65.8,14.8,2982.433333333333,433259.507,426064.9
E01011502,18569,5663.0,949.0,9338,10996,1197,12832.0,E,33755,457,6,2.0,1.0,3,4,1,4.0,1,79.7,14.8,10.1,119.8,49.9,0.6,-1.1,96.5,1387,84.85,12.45,152.16666666666666,431662.205,428518.169
E01011504,17083,11368.0,9458.0,2900,16288,617,6552.0,E,33755,469,6,4.0,3.0,1,5,1,2.0,1,86.4,15.3,4.8,98.9,50.7,-0.2,-0.8,90.8,1564,74.80000000000001,10.05,156.0,431228.661,437630.277000001
E01011505,19183,6798.0,18707.0,15735,13130,675,18570.0,E,33755,4330,6,3.0,6.0,5,4,1,6.0,2,83.1,19.9,5.3,87.5,42.1,5.1,3.4,82.3,1702,64.8,12.6,1446.1666666666667,429616.407,438110.386
E01011506,20790,9475.0,6632.0,19904,15656,679,22918.0,E,33755,6330,7,3.0,2.0,6,5,1,7.0,2,84.3,22.0,10.3,84.1,39.0,8.2,3.7,76.0,1539,61.55,16.15,2113.9666666666667,429936.437,437869.391000001
E01011507,23706,19671.0,18707.0,22601,18313,465,28057.0,E,33755,17660,8,6.0,6.0,7,6,1,9.0,6,77.8,28.5,17.1,65.7,40.2,8.3,13.7,62.9,1656,52.95,22.8,5894.0,429785.27,437371.517999999
E01011508,13290,17667.0,30601.0,25064,12285,1147,26496.0,E,33755,19274,4,6.0,10.0,8,4,1,8.0,6,77.4,28.6,15.6,73.5,36.9,13.1,8.4,58.0,1433,55.2,22.1,6431.833333333333,431764.975,438880.389
E01011509,20682,13105.0,23805.0,15843,11853,1146,32572.0,E,33755,20374,7,4.0,8.0,5,4,1,10.0,7,75.9,35.2,14.9,60.0,26.1,17.8,11.9,53.5,1436,43.05,25.05,6801.233333333334,431404.035,439103.668
E01011510,23721,12149.0,949.0,2476,12494,996,9391.0,E,33755,664,8,4.0,1.0,1,4,1,3.0,1,81.8,16.0,5.5,92.6,42.6,9.6,1.4,85.7,1528,67.6,10.75,225.0,430141.376,438858.514
E01011511,21684,15711.0,18707.0,16899,14104,973,25681.0,E,33755,10412,7,5.0,6.0,6,5,1,8.0,4,80.6,23.7,10.9,88.5,46.5,16.3,10.7,71.8,1414,67.5,17.3,3479.6666666666665,431281.932,438595.489
E01011512,28187,19978.0,27352.0,18423,13068,1019,17186.0,E,33755,14793,9,6.0,9.0,6,4,1,6.0,5,81.2,21.5,12.4,63.9,31.1,20.5,9.4,67.9,1722,47.5,16.95,4940.966666666666,430810.121,438729.685000001
E01011513,16994,7099.0,27352.0,23701,10465,413,31638.0,E,33755,20278,6,3.0,9.0,8,4,1,10.0,7,75.5,25.5,17.0,53.2,32.7,23.5,14.6,52.1,2238,42.95,21.25,6772.033333333333,428769.605,438070.155999999
E01011514,26153,10250.0,27352.0,26823,13148,901,25840.0,E,33755,19917,8,4.0,9.0,8,4,1,8.0,6,79.2,30.2,17.6,60.6,33.0,26.5,10.5,58.5,1783,46.8,23.9,6651.333333333333,430291.089,438521.754000001
E01011515,21884,17429.0,27352.0,23270,15722,724,27276.0,E,33755,18968,7,6.0,9.0,7,5,1,9.0,6,73.8,27.6,15.8,62.4,36.7,17.7,13.3,56.9,1495,49.55,21.700000000000003,6333.0,430394.265,438124.351
E01011516,21502,19693.0,27352.0,26506,16282,703,31501.0,E,33755,25869,7,6.0,9.0,8,5,1,10.0,8,72.5,38.5,21.9,57.7,26.0,30.0,12.6,50.0,1744,41.85,30.2,8637.199999999999,430827.816,437979.361
E01011517,12299,16399.0,27352.0,14826,14352,789,17016.0,E,33755,7103,4,5.0,9.0,5,5,1,6.0,3,79.5,21.1,10.3,89.6,34.9,13.3,4.2,78.0,1716,62.25,15.700000000000001,2373.5,431495.675,437899.074999999
E01011518,18255,18536.0,18707.0,17093,20496,23,22353.0,E,33755,9735,6,6.0,6.0,6,7,1,7.0,3,82.8,27.2,8.9,80.7,36.5,17.1,9.9,65.6,2294,58.6,18.05,3254.0,427199.029,429783.241
E01011519,6437,8546.0,9458.0,10849,16096,1522,13285.0,E,33755,677,2,3.0,3.0,4,5,1,4.0,1,83.1,11.7,4.9,93.1,40.8,-7.0,1.4,92.3,1515,66.94999999999999,8.3,223.79999999999998,424321.29,429569.828
E01011520,6627,8713.0,17166.0,25010,12938,1540,28117.0,E,33755,10651,2,3.0,6.0,8,4,1,9.0,4,81.1,26.1,11.3,85.4,31.0,21.7,11.0,66.4,1497,58.2,18.700000000000003,3561.2333333333336,423996.418,429497.363
E01011521,7522,27625.0,18707.0,20691,15892,1368,19107.0,E,33755,10200,3,9.0,6.0,7,5,1,6.0,4,79.7,23.2,9.5,64.7,49.3,13.5,7.2,73.6,2172,57.0,16.35,3406.9,422252.16,428978.476
E01011522,7443,18265.0,23805.0,27406,20304,1003,30309.0,E,33755,21307,3,6.0,8.0,9,7,1,9.0,7,79.4,26.4,18.3,60.3,24.0,28.0,13.4,53.6,1370,42.15,22.35,7116.133333333334,424889.755,429145.218
E01011523,11541,24058.0,17166.0,11508,20622,1174,18320.0,E,33755,6732,4,8.0,6.0,4,7,1,6.0,2,86.0,20.1,8.7,87.4,49.4,8.8,5.0,70.3,1893,68.4,14.4,2248.6,424322.034,428840.617000001
E01011524,12386,28645.0,18707.0,19722,19172,106,20268.0,E,33755,12621,4,9.0,6.0,6,6,1,7.0,4,78.5,24.1,15.4,78.1,34.4,15.1,9.1,67.9,1216,56.25,19.75,4215.066666666667,427163.554,429321.366
E01011525,24975,18273.0,18707.0,16522,31018,479,17722.0,E,33755,16649,8,6.0,6.0,5,10,1,6.0,5,73.0,32.3,12.3,72.0,22.0,13.5,9.7,68.7,1551,47.0,22.299999999999997,5557.400000000001,426152.455,428352.111
E01011526,9153,8979.0,27352.0,31430,21459,250,29904.0,E,33755,25344,3,3.0,9.0,10,7,1,9.0,8,72.9,33.0,21.6,59.6,24.0,30.0,14.1,50.0,1267,41.8,27.3,8462.699999999999,426422.327,429135.278999999
E01011527,8861,12884.0,17166.0,26232,18276,1180,29999.0,E,33755,16226,3,4.0,6.0,8,6,1,9.0,5,74.4,28.7,18.9,70.5,34.8,17.1,13.9,56.3,1741,52.65,23.799999999999997,5419.0,422374.288,428355.301999999
E01011528,14034,10381.0,27352.0,27782,28269,368,32762.0,E,33755,28986,5,4.0,9.0,9,9,1,10.0,9,70.0,37.6,21.3,40.8,20.3,30.4,16.6,50.0,1599,30.549999999999997,29.450000000000003,9677.666666666666,426149.758,428863.131999999
E01011529,13886,17497.0,9458.0,13330,18328,1135,11815.0,E,33755,2480,5,6.0,3.0,4,6,1,4.0,1,84.7,16.9,5.2,98.7,37.1,8.2,3.2,84.8,1365,67.9,11.049999999999999,830.4666666666666,422940.624,428434.955
E01011530,17922,18685.0,18707.0,20340,29420,757,26712.0,E,33755,18607,6,6.0,6.0,7,9,1,8.0,6,77.5,34.6,16.0,69.8,31.7,27.6,8.7,59.8,1367,50.75,25.3,6214.433333333333,425529.551,427683.932
E01011531,17220,11483.0,16498.0,20257,28901,235,31687.0,E,33755,21796,6,4.0,5.0,7,9,1,10.0,7,76.5,27.7,16.4,73.5,32.9,17.3,12.1,54.5,1670,53.2,22.049999999999997,7275.133333333332,426800.303,428553.698000001
E01011532,17498,20855.0,9458.0,8863,29121,726,12198.0,E,33755,6896,6,7.0,3.0,3,9,1,4.0,3,82.8,24.7,9.9,77.2,38.9,8.5,5.1,78.9,1602,58.05,17.3,2303.2000000000003,425823.21,428500.559
E01011533,26715,15809.0,18707.0,9751,31670,451,11894.0,E,33755,14138,8,5.0,6.0,3,10,1,4.0,5,77.9,25.8,11.1,78.3,30.6,18.2,5.1,73.1,1387,54.45,18.45,4720.433333333333,426392.112,428213.573000001
E01011534,24849,13114.0,18707.0,19584,29440,705,18941.0,E,33755,15128,8,4.0,6.0,6,9,1,6.0,5,79.3,29.2,13.3,66.3,30.2,11.4,9.7,68.3,2358,48.25,21.25,5049.7,425696.371,427147.880999999
E01011535,4831,14998.0,23805.0,29355,14791,1452,29530.0,E,33755,19707,2,5.0,8.0,9,5,1,9.0,6,75.1,30.8,16.1,56.6,20.9,19.1,12.9,59.4,1714,38.75,23.450000000000003,6579.666666666667,428024.296,425068.307
E01011536,4115,7356.0,17166.0,24600,11720,1640,22758.0,E,33755,6132,2,3.0,6.0,8,4,1,7.0,2,82.1,26.0,8.2,97.2,37.8,20.6,4.7,82.8,1653,67.5,17.1,2052.4333333333334,428272.731,424569.66
E01011537,4686,16853.0,17166.0,16093,9551,1582,18435.0,E,33755,3008,2,5.0,6.0,5,3,1,6.0,1,82.9,15.3,8.3,98.4,47.9,-0.6,2.9,83.6,2046,73.15,11.8,1003.4333333333334,430309.025,425202.638
E01011538,5595,28541.0,9458.0,11247,13154,1208,9053.0,E,33755,2954,2,9.0,3.0,4,4,1,3.0,1,83.3,15.3,9.4,100.2,43.4,4.2,6.3,83.2,1584,71.8,12.350000000000001,988.1666666666666,429556.452,425837.959000001
E01011540,11060,16714.0,9458.0,8223,19994,493,11797.0,E,33755,1573,4,5.0,3.0,3,6,1,4.0,1,87.1,14.4,2.2,117.6,47.7,7.7,2.1,82.4,2016,82.65,8.3,527.6,427893.029,427909.290999999
E01011541,30023,13870.0,9458.0,6020,33369,594,16162.0,E,33755,19684,9,5.0,3.0,2,10,1,5.0,6,78.0,27.9,18.6,58.4,28.8,32.8,9.4,60.5,2036,43.6,23.25,6575.400000000001,426396.265,427455.017000001
E01011545,28114,6925.0,18707.0,13535,31814,828,12410.0,E,33755,14821,9,3.0,6.0,5,10,1,4.0,5,74.3,29.0,11.6,67.9,45.1,21.6,9.3,63.0,1359,56.5,20.3,4950.633333333333,426062.368,427091.122
E01011546,26343,6261.0,9458.0,11833,28897,725,13239.0,E,33755,7714,8,2.0,3.0,4,9,1,4.0,3,82.9,20.9,7.8,81.4,45.6,14.3,5.0,81.6,1723,63.5,14.35,2577.766666666667,426269.256,426710.698999999
E01011547,24117,5183.0,9458.0,8978,30206,743,14581.0,E,33755,7419,8,2.0,3.0,3,9,1,5.0,3,80.8,22.7,9.7,91.4,32.7,5.4,5.9,72.8,1992,62.050000000000004,16.2,2476.7666666666664,426828.562,426883.388
E01011548,6331,15280.0,17166.0,20641,16011,1231,20290.0,E,33755,5783,2,5.0,6.0,7,5,1,7.0,2,83.5,25.3,5.4,87.5,43.4,10.1,3.3,78.1,1507,65.45,15.350000000000001,1932.1333333333334,427573.86,425473.119000001
E01011549,4814,8532.0,27352.0,33732,18670,1093,29921.0,E,33755,30273,2,3.0,9.0,10,6,1,9.0,9,74.4,38.4,21.6,46.1,9.7,38.8,17.7,50.0,1428,27.9,30.0,10109.833333333334,428245.272,425844.324999999
E01011550,7495,6460.0,27352.0,27724,19059,989,30437.0,E,33755,20855,3,2.0,9.0,9,6,1,10.0,7,72.8,30.3,19.5,66.8,31.1,30.8,11.7,52.3,1354,48.95,24.9,6965.833333333333,427724.855,426066.398
E01011551,5998,5546.0,27352.0,20803,8305,1416,17271.0,E,33755,5375,2,2.0,9.0,7,3,1,6.0,2,82.3,23.6,5.4,96.8,47.0,6.2,3.0,79.6,1754,71.9,14.5,1794.7333333333333,430834.567,425775.822000001
E01011552,5136,27289.0,9458.0,8149,15906,1216,6235.0,E,33755,1954,2,9.0,3.0,3,5,1,2.0,1,84.1,12.7,6.9,83.1,50.5,3.4,-4.7,98.7,1523,66.8,9.8,650.9,429032.605,425634.370999999
E01011553,4579,13208.0,18707.0,25062,17569,1115,24748.0,E,33755,10039,2,4.0,6.0,8,6,1,8.0,3,82.2,21.4,5.9,83.8,31.6,6.8,8.3,69.9,1380,57.7,13.649999999999999,3351.3666666666663,428534.896,425802.41
E01011554,10233,12325.0,27352.0,30160,6016,1451,28959.0,E,33755,20567,4,4.0,9.0,9,2,1,9.0,7,76.0,32.0,18.3,70.8,27.8,28.5,12.6,52.0,1445,49.3,25.15,6869.366666666666,428863.909,439933.173
E01011555,12312,13425.0,27352.0,26529,9345,1395,31413.0,E,33755,21603,4,4.0,9.0,8,3,1,10.0,7,77.6,28.2,19.5,60.7,27.1,31.0,16.6,56.1,1383,43.900000000000006,23.85,7216.866666666666,429949.679,439777.271
E01011556,19441,5299.0,27352.0,17355,10170,1305,21552.0,E,33755,8522,6,2.0,9.0,6,4,1,7.0,3,83.5,16.2,10.8,80.3,41.5,8.1,5.5,78.5,1650,60.9,13.5,2845.2000000000003,431088.588,439498.994999999
E01011557,13252,16069.0,27352.0,19699,8963,1466,25875.0,E,33755,12140,4,5.0,9.0,6,3,1,8.0,4,78.4,24.0,13.1,74.3,35.2,15.9,7.7,65.3,1421,54.75,18.55,4054.5333333333333,431040.145,439894.329
E01011558,19468,11460.0,9458.0,5140,10200,1276,8909.0,E,33755,573,6,4.0,3.0,2,4,1,3.0,1,83.8,13.4,5.4,95.1,56.9,-3.8,-0.5,90.3,1778,76.0,9.4,189.5666666666667,430137.21,439366.913000001
E01011559,24734,9239.0,9458.0,4679,10540,877,4717.0,E,33755,731,8,3.0,3.0,2,4,1,2.0,1,82.5,12.3,6.8,97.2,46.6,8.1,-0.5,89.0,1474,71.9,9.55,246.20000000000002,429418.141,439010.034
E01011560,20036,4791.0,9458.0,4481,8864,803,7144.0,E,33755,232,6,2.0,3.0,2,3,1,3.0,1,82.6,17.2,6.1,101.1,55.9,-7.1,-0.0,89.6,1937,78.5,11.649999999999999,74.96666666666667,429053.649,439052.376
E01011561,2660,2302.0,21844.0,30736,2701,2322,25099.0,E,33755,12330,1,1.0,7.0,10,1,1,8.0,4,75.9,22.4,14.9,79.6,42.2,15.4,7.6,66.1,1186,60.9,18.65,4117.666666666667,432740.931,440788.809
E01011562,6301,6979.0,27352.0,31912,6248,1720,31566.0,E,33755,25336,2,3.0,9.0,10,2,1,10.0,8,71.5,32.9,21.4,62.2,19.9,37.9,14.0,50.0,1567,41.05,27.15,8462.633333333333,431610.754,440364.688999999
E01011563,6889,8869.0,27352.0,31233,6363,1569,23125.0,E,33755,16890,3,3.0,9.0,10,2,1,7.0,6,78.9,27.1,14.1,87.5,29.8,18.3,12.2,53.4,1392,58.65,20.6,5640.166666666667,429738.324,440685.646
E01011564,7339,9947.0,27352.0,32020,7411,1334,21337.0,E,33755,18186,3,3.0,9.0,10,3,1,7.0,6,79.5,34.1,18.0,78.4,40.1,19.5,13.4,61.4,1558,59.25,26.05,6072.966666666667,429197.106,440497.713
E01011565,11697,12277.0,27352.0,28312,8691,1489,30347.0,E,33755,20860,4,4.0,9.0,9,3,1,9.0,7,75.6,28.5,16.0,58.5,26.1,18.7,12.1,50.0,1482,42.3,22.25,6963.599999999999,430595.354,439996.757999999
E01011566,6083,9566.0,27352.0,24282,5992,1641,30607.0,E,33755,16356,2,3.0,9.0,8,2,1,10.0,5,78.6,28.7,17.8,62.8,26.5,16.1,9.2,63.1,1337,44.65,23.25,5460.433333333333,432544.429,440116.761
E01011567,11823,15898.0,27352.0,28436,8978,1133,29110.0,E,33755,20209,4,5.0,9.0,9,3,1,9.0,6,77.1,25.9,19.4,62.8,29.9,32.4,10.3,56.6,1472,46.349999999999994,22.65,6750.566666666667,429195.046,439916.717
E01011568,8464,5590.0,27352.0,22022,8267,1504,25802.0,E,33755,10019,3,2.0,9.0,7,3,1,8.0,3,78.4,21.5,11.6,73.7,45.2,11.1,9.2,72.2,1915,59.45,16.55,3346.433333333334,431804.536,439821.763
E01011569,30031,19652.0,21844.0,17663,32355,8,22592.0,E,33755,25244,9,6.0,7.0,6,10,1,7.0,8,77.5,43.6,21.6,53.5,27.1,25.1,13.5,50.0,1731,40.3,32.6,8427.533333333333,420471.828,445582.899
E01011570,2861,17022.0,14568.0,28495,10241,1218,24923.0,E,33755,10948,1,6.0,5.0,9,4,1,8.0,4,79.6,24.9,13.4,83.1,39.3,15.8,6.0,71.7,2305,61.199999999999996,19.15,3656.6,424644.679,444991.418
E01011571,26290,14961.0,8599.0,18906,30224,61,22877.0,E,33755,16286,8,5.0,3.0,6,9,1,7.0,5,76.9,32.8,15.4,72.6,47.4,16.7,10.9,60.1,1609,60.0,24.099999999999998,5437.866666666667,419570.877,445115.450999999
E01011572,29342,13920.0,21844.0,25911,31282,38,25243.0,E,33755,26227,9,5.0,7.0,8,10,1,8.0,8,74.0,37.0,21.8,47.8,18.3,29.2,17.0,50.8,1776,33.05,29.4,8757.733333333334,420790.808,445262.975
E01011573,10859,19914.0,13499.0,24064,12912,299,17617.0,E,33755,6603,4,6.0,4.0,8,4,1,6.0,2,83.7,18.2,7.9,82.8,50.1,15.1,5.7,77.2,1311,66.45,13.05,2207.9333333333334,418736.362,444818.619999999
E01011574,32293,15426.0,8599.0,14177,32732,6,18968.0,E,33755,23282,10,5.0,3.0,5,10,1,6.0,7,72.2,34.0,20.7,52.9,20.2,30.7,13.8,50.3,1401,36.55,27.35,7775.5,420321.913,445219.015000001
E01011576,3432,9681.0,14568.0,32694,7012,2312,29418.0,E,33755,20960,2,3.0,5.0,10,3,1,9.0,7,76.3,36.0,17.8,57.3,31.5,26.5,15.1,50.6,1463,44.4,26.9,7000.533333333333,425417.464,443375.486
E01011578,20673,9507.0,17166.0,18301,13316,143,23983.0,E,33755,7599,7,3.0,6.0,6,4,1,8.0,3,82.9,17.5,8.9,74.0,51.2,18.2,4.7,77.3,1273,62.6,13.2,2540.633333333333,421457.985,440845.774
E01011579,13140,7350.0,27352.0,24091,13226,46,22079.0,E,33755,10815,4,3.0,9.0,8,4,1,7.0,4,81.5,25.8,11.0,75.3,36.1,14.6,5.6,68.8,1340,55.7,18.4,3611.7333333333336,421291.881,440089.185000001
E01011580,10979,11990.0,23805.0,26330,12533,94,32169.0,E,33755,21313,4,4.0,8.0,8,4,1,10.0,7,75.1,26.7,17.3,63.7,31.2,36.0,13.6,53.5,1374,47.45,22.0,7120.866666666666,421280.579,439657.056
E01011581,12936,1952.0,8599.0,23729,28538,161,20497.0,E,33755,9083,4,1.0,3.0,8,9,1,7.0,3,82.6,23.6,11.5,82.0,35.5,4.2,6.5,72.2,1660,58.75,17.55,3031.2333333333336,419636.585,446492.377
E01011582,11068,1182.0,4068.0,7887,27657,219,9105.0,E,33755,1139,4,1.0,2.0,3,9,1,3.0,1,84.6,15.9,4.4,92.1,48.6,10.4,3.1,83.0,1613,70.35,10.15,384.1666666666667,419093.494,446484.833000001
E01011583,14264,3928.0,14568.0,24809,29242,126,20550.0,E,33755,12042,5,2.0,5.0,8,9,1,7.0,4,80.9,25.4,13.3,73.9,38.5,14.6,10.8,61.2,1574,56.2,19.35,4022.4666666666667,420160.726,446570.219000001
E01011584,25255,7275.0,14568.0,24725,31173,55,26068.0,E,33755,21286,8,3.0,5.0,8,10,1,8.0,7,74.2,24.7,20.2,70.6,42.5,23.3,13.8,54.9,1682,56.55,22.45,7107.7,420418.127,446284.233999999
E01011585,26296,16294.0,9458.0,11554,31257,530,14826.0,E,33755,12564,8,5.0,3.0,4,10,1,5.0,4,78.3,22.0,14.0,73.1,42.9,18.7,6.1,71.8,1401,58.0,18.0,4196.266666666667,421734.602,433731.194
E01011586,17176,14740.0,18707.0,17353,23702,100,20695.0,E,33755,9062,6,5.0,6.0,6,8,1,7.0,3,80.1,25.1,11.8,98.2,43.8,9.2,8.1,65.6,1850,71.0,18.450000000000003,3026.433333333334,420207.122,433738.950999999
E01011587,28419,19482.0,27352.0,20245,32100,660,18726.0,E,33755,25214,9,6.0,9.0,6,10,1,6.0,8,74.8,30.1,22.8,58.6,29.8,34.8,16.4,50.0,1748,44.2,26.450000000000003,8421.733333333334,421932.119,434102.084000001
E01011588,7013,4432.0,18707.0,25185,27562,603,25592.0,E,33755,13544,3,2.0,6.0,8,9,1,8.0,5,79.3,24.2,13.5,79.3,42.0,22.3,6.3,74.1,1777,60.65,18.85,4524.2,420865.31,436630.703
E01011589,10659,5244.0,27352.0,24471,14244,403,27317.0,E,33755,13894,4,2.0,9.0,8,5,1,9.0,5,75.1,26.8,11.4,85.7,39.1,16.1,7.3,64.4,1597,62.400000000000006,19.1,4639.133333333333,420645.696,436983.286
E01011590,15209,9567.0,23805.0,28602,16256,162,32217.0,E,33755,24130,5,3.0,8.0,9,5,1,10.0,8,71.3,28.8,21.9,57.1,31.5,25.3,14.3,56.2,1699,44.3,25.35,8056.533333333333,420084.239,436895.23
E01011591,7325,5910.0,27352.0,22731,19702,1257,26131.0,E,33755,13060,3,2.0,9.0,7,6,1,8.0,4,77.8,29.5,11.9,79.1,33.7,16.1,4.3,68.6,1637,56.4,20.7,4360.133333333333,422542.957,436216.853
E01011592,12268,28860.0,18707.0,15363,30906,623,23169.0,E,33755,19529,4,9.0,6.0,5,10,1,7.0,6,72.7,26.5,19.4,74.5,30.3,24.0,14.9,59.9,1612,52.4,22.95,6522.633333333334,421597.196,435398.749
E01011593,12581,16668.0,23805.0,30552,29675,1042,29431.0,E,33755,27225,4,5.0,8.0,10,9,1,9.0,9,72.3,34.1,21.9,39.4,25.5,36.4,16.4,50.0,1966,32.45,28.0,9092.6,422072.623,435519.425000001
E01011594,17994,22363.0,9458.0,10417,31809,591,9019.0,E,33755,10249,6,7.0,3.0,4,10,1,3.0,4,81.3,26.2,14.1,98.6,37.2,13.6,10.4,73.4,1543,67.9,20.15,3424.3333333333335,421333.912,435013.864
E01011595,13203,9532.0,6632.0,21383,28116,316,26091.0,E,33755,11590,4,3.0,2.0,7,9,1,8.0,4,79.0,19.8,11.2,80.8,47.1,13.6,8.4,66.8,2169,63.95,15.5,3870.6666666666665,420541.645,434549.958000001
E01011596,26330,13978.0,18707.0,25053,31567,863,30340.0,E,33755,27376,8,5.0,6.0,8,10,1,9.0,9,73.0,33.0,19.8,52.2,24.5,34.3,16.6,50.0,1648,38.35,26.4,9142.3,422086.497,434876.572000001
E01011597,22755,11770.0,18707.0,15052,24241,116,12008.0,E,33755,6863,7,4.0,6.0,5,8,1,4.0,3,82.6,20.1,9.2,83.9,43.8,13.7,4.8,82.2,1707,63.85,14.65,2293.8333333333335,420100.889,434067.694
E01011598,25224,25803.0,18707.0,22346,33051,639,17134.0,E,33755,25196,8,8.0,6.0,7,10,1,6.0,8,72.0,33.5,18.5,45.7,23.9,27.2,17.1,50.0,1581,34.8,26.0,8413.433333333332,421629.061,434762.273
E01011599,17805,15191.0,18707.0,19579,28760,335,23541.0,E,33755,14531,6,5.0,6.0,6,9,1,7.0,5,80.1,29.2,10.2,83.0,25.4,14.9,11.6,63.8,1664,54.2,19.7,4852.5,420897.383,434109.369000001
E01011600,8431,15136.0,18707.0,18185,30449,855,26870.0,E,33755,15977,3,5.0,6.0,6,10,1,8.0,5,75.8,22.7,13.4,73.8,42.4,19.1,11.1,66.3,1516,58.099999999999994,18.05,5335.733333333334,422603.086,432923.194
E01011601,6527,10041.0,9458.0,13904,23527,1101,13107.0,E,33755,2058,2,3.0,3.0,5,7,1,4.0,1,83.9,12.2,4.4,91.8,59.1,-4.7,-1.0,88.7,1622,75.45,8.3,684.1,423192.74,432689.165999999
E01011602,16413,25735.0,17166.0,13660,30036,502,20929.0,E,33755,15293,5,8.0,6.0,5,9,1,7.0,5,76.0,27.3,14.5,54.5,36.3,16.1,8.3,60.7,1975,45.4,20.9,5105.8,421650.267,433141.24
E01011603,7528,25474.0,18707.0,23813,27928,658,21675.0,E,33755,16412,3,8.0,6.0,8,9,1,7.0,5,76.1,28.0,13.9,61.8,36.8,21.2,10.7,69.3,1592,49.3,20.95,5481.3,422025.699,432385.228
E01011604,9081,21256.0,18707.0,19250,29928,716,25616.0,E,33755,16716,3,7.0,6.0,6,9,1,8.0,5,76.8,32.7,17.9,64.9,24.5,24.7,6.5,65.6,1346,44.7,25.3,5582.400000000001,422191.829,432782.106000001
E01011605,11913,15173.0,18707.0,23104,28190,408,27038.0,E,33755,16805,4,5.0,6.0,7,9,1,9.0,5,74.7,30.3,16.9,74.5,31.5,29.7,11.5,60.9,1758,53.0,23.6,5615.400000000001,421399.143,432884.731000001
E01011606,11178,3493.0,18707.0,15681,19190,89,14827.0,E,33755,2744,4,2.0,6.0,5,6,1,5.0,1,81.4,19.5,9.7,86.4,37.9,-0.1,1.4,81.7,2048,62.150000000000006,14.6,915.1,419690.825,432788.098999999
E01011607,6544,18335.0,18707.0,17088,28150,918,18940.0,E,33755,9536,2,6.0,6.0,6,9,1,6.0,3,78.4,19.5,12.8,82.2,41.3,10.4,6.3,71.3,1658,61.75,16.15,3184.233333333333,422627.902,432396.843
E01011608,24562,17575.0,9458.0,9678,24350,931,11594.0,E,33755,5718,8,6.0,3.0,3,8,1,4.0,2,82.9,21.0,9.2,92.4,36.4,14.2,-0.9,88.4,1379,64.4,15.1,1910.4333333333334,423946.418,433942.719000001
E01011609,20594,21353.0,9458.0,7585,29021,1098,10253.0,E,33755,7144,7,7.0,3.0,3,9,1,4.0,3,82.5,16.5,11.4,86.3,49.1,10.4,6.3,76.3,1431,67.7,13.95,2386.9,423316.217,434083.881999999
E01011610,18608,20167.0,18707.0,17482,31918,885,21288.0,E,33755,18178,6,6.0,6.0,6,10,1,7.0,6,79.0,28.2,16.0,70.4,34.0,24.4,11.5,62.3,1530,52.2,22.1,6071.3,422773.869,433778.755000001
E01011611,20039,23007.0,949.0,4676,28656,1084,7320.0,E,33755,5044,6,7.0,1.0,2,9,1,3.0,2,79.6,20.4,9.2,95.9,52.6,7.1,3.5,83.8,1487,74.25,14.799999999999999,1684.8666666666668,423548.444,433783.208000001
E01011612,18459,30892.0,949.0,7358,32667,694,18024.0,E,33755,18782,6,10.0,1.0,3,10,1,6.0,6,76.3,32.7,15.8,71.3,29.4,30.1,10.8,63.1,1391,50.349999999999994,24.25,6274.299999999999,422435.769,433437.096999999
E01011613,12666,21525.0,18707.0,12950,22457,268,13942.0,E,33755,5965,4,7.0,6.0,4,7,1,5.0,2,83.4,16.5,8.6,83.7,54.4,7.1,4.3,79.9,1795,69.05,12.55,1992.1333333333334,420936.751,433441.051999999
E01011614,12483,16743.0,18707.0,19714,29949,1023,24253.0,E,33755,15392,4,5.0,6.0,6,9,1,8.0,5,77.6,27.4,13.6,60.4,34.4,15.3,6.8,67.6,1860,47.4,20.5,5138.033333333333,423076.964,433321.676000001
E01011615,26120,31024.0,9458.0,8527,24345,688,7385.0,E,33755,12129,8,10.0,3.0,3,8,1,3.0,4,79.2,26.7,11.5,84.6,33.2,12.5,5.7,69.4,1581,58.9,19.1,4049.066666666667,432739.846,433611.597999999
E01011616,20998,14445.0,949.0,3090,17274,1281,2600.0,E,33755,494,7,5.0,1.0,1,6,1,1.0,1,81.6,20.6,8.1,84.0,46.8,-11.5,-1.3,87.6,1645,65.4,14.350000000000001,160.4,434455.141,433490.1
E01011617,17588,8893.0,9458.0,3473,21893,880,3104.0,E,33755,666,6,3.0,3.0,2,7,1,1.0,1,82.1,17.6,4.4,86.1,53.9,4.7,4.7,88.6,1641,70.0,11.0,225.13333333333335,433436.278,433836.105
E01011618,22303,27218.0,9458.0,1908,25475,600,1806.0,E,33755,5395,7,9.0,3.0,1,8,1,1.0,2,83.1,20.0,7.8,93.5,38.4,6.3,7.1,73.5,1660,65.95,13.9,1802.8000000000002,432445.567,433532.498
E01011620,21151,6868.0,9458.0,4337,15571,1406,2201.0,E,33755,429,7,3.0,3.0,2,5,1,1.0,1,83.2,13.3,3.4,99.2,42.6,8.0,0.4,85.3,1383,70.9,8.35,145.79999999999998,434478.918,433058.640000001
E01011621,11989,8576.0,9458.0,4117,19358,988,2809.0,E,33755,243,4,3.0,3.0,2,6,1,1.0,1,83.2,15.0,3.7,106.6,48.4,0.4,-1.2,88.2,1567,77.5,9.35,80.73333333333333,433282.183,433009.586999999
E01011622,13811,9392.0,949.0,721,19950,1048,1180.0,E,33755,84,5,3.0,1.0,1,6,1,1.0,1,86.3,19.5,3.9,101.5,37.7,-1.1,2.5,86.2,1742,69.6,11.7,28.46666666666667,433806.959,433637.452
E01011623,17753,17223.0,949.0,328,25857,566,592.0,E,33755,1059,6,6.0,1.0,1,8,1,1.0,1,85.0,17.3,6.6,92.6,42.9,-0.1,2.8,87.9,1701,67.75,11.95,353.90000000000003,432088.904,433300.827
E01011624,13725,4996.0,949.0,566,15626,1301,1377.0,E,33755,17,5,2.0,1.0,1,5,1,1.0,1,85.1,17.2,6.0,114.4,53.8,-2.8,4.6,80.9,1858,84.1,11.6,6.266666666666667,434128.744,432907.731000001
E01011625,11486,10244.0,9458.0,169,24049,738,449.0,E,33755,360,4,4.0,3.0,1,8,1,1.0,1,82.4,17.9,7.0,103.9,58.0,5.1,2.7,90.3,1724,80.95,12.45,122.60000000000001,432030.049,432893.509
E01011626,16171,9631.0,9458.0,812,26375,595,4506.0,E,33755,1196,5,3.0,3.0,1,8,1,2.0,1,82.9,16.0,7.1,98.3,44.8,4.9,-1.2,93.0,2399,71.55,11.55,399.90000000000003,431600.301,432863.256999999
E01011627,19520,9168.0,9458.0,10104,8058,2122,12778.0,E,33755,1049,6,3.0,3.0,3,3,1,4.0,1,84.1,19.0,10.4,101.2,54.3,4.5,1.3,86.9,1358,77.75,14.7,351.59999999999997,435035.419,428851.279999999
E01011628,17996,15961.0,16498.0,25332,9249,2218,30674.0,E,33755,17345,6,5.0,5.0,8,3,1,10.0,6,75.5,24.1,16.2,76.7,28.3,27.7,8.9,60.4,1228,52.5,20.15,5793.866666666668,434676.652,428825.161
E01011629,26756,19531.0,9458.0,13135,8595,2108,16787.0,E,33755,5809,8,6.0,3.0,4,3,1,5.0,2,83.8,18.7,11.4,91.0,56.3,3.6,7.6,76.2,1308,73.65,15.05,1940.0666666666668,434395.841,428582.658
E01011630,11307,10241.0,18707.0,24769,7783,1571,28990.0,E,33755,12018,4,4.0,6.0,8,3,1,9.0,4,76.8,26.2,11.1,91.9,38.4,11.4,8.9,65.9,2019,65.15,18.65,4012.7666666666664,433281.424,428937.295
E01011632,21791,13090.0,9458.0,5252,8715,1807,8245.0,E,33755,812,7,4.0,3.0,2,3,1,3.0,1,88.1,21.6,4.0,94.6,47.2,3.1,-1.1,93.4,1347,70.9,12.8,271.3333333333333,433931.632,428605.401000001
E01011633,30410,18809.0,17166.0,18101,7988,2041,22540.0,E,33755,13726,10,6.0,6.0,6,3,1,7.0,5,77.6,28.0,12.6,79.1,31.9,16.6,5.7,68.5,1467,55.5,20.3,4582.766666666667,434181.091,427909.274
E01011634,11640,10265.0,17166.0,14921,7803,1879,15588.0,E,33755,1927,4,4.0,6.0,5,3,1,5.0,1,84.0,16.5,2.3,113.6,58.3,4.5,1.2,87.0,1585,85.94999999999999,9.4,644.2333333333333,433353.751,427480.960000001
E01011635,22084,6750.0,18707.0,18611,8445,1775,24186.0,E,33755,7632,7,2.0,6.0,6,3,1,8.0,3,81.5,18.7,8.7,86.4,42.6,12.4,4.3,78.8,1834,64.5,13.7,2549.5666666666666,436318.3,428130.745999999
E01011636,16855,13617.0,17166.0,19100,7626,1803,21398.0,E,33755,5787,5,5.0,6.0,6,3,1,7.0,2,85.2,15.6,10.2,81.2,42.3,-1.3,4.9,81.1,1886,61.75,12.899999999999999,1930.1999999999998,434730.692,427877.533
E01011637,18126,18961.0,18707.0,22962,8908,1960,25166.0,E,33755,11578,6,6.0,6.0,7,3,1,8.0,4,79.2,23.0,13.6,82.0,41.5,11.7,5.1,71.7,1691,61.75,18.3,3864.933333333334,436831.829,428912.223999999
E01011638,19848,17990.0,17166.0,20089,8708,2013,26360.0,E,33755,10802,6,6.0,6.0,6,3,1,8.0,4,80.7,24.9,13.5,92.9,31.1,5.8,9.0,72.2,1400,62.0,19.2,3605.6,436300.455,429009.584000001
E01011639,13574,12271.0,9458.0,9290,8610,2068,11891.0,E,33755,633,5,4.0,3.0,3,3,1,4.0,1,84.0,13.6,3.2,100.6,55.6,9.2,-2.4,92.7,1509,78.1,8.4,213.26666666666668,434125.023,429046.355
E01011641,13236,8783.0,27352.0,27059,13778,717,29992.0,E,33755,19757,4,3.0,9.0,9,5,1,9.0,6,74.3,38.9,19.5,60.2,35.4,23.9,8.1,61.0,1612,47.8,29.2,6596.333333333333,431830.929,437351.579
E01011642,22044,19041.0,27352.0,23657,20986,487,27605.0,E,33755,21288,7,6.0,9.0,8,7,1,9.0,7,72.6,27.2,18.9,59.7,32.6,29.2,16.8,50.0,1383,46.150000000000006,23.049999999999997,7111.333333333333,431998.095,436662.423
E01011643,13454,10385.0,27352.0,20300,15387,895,25045.0,E,33755,11876,4,4.0,9.0,7,5,1,8.0,4,80.7,25.7,11.7,65.7,46.2,21.4,5.6,74.1,1520,55.95,18.7,3967.6666666666665,433157.695,436816.75
E01011644,9053,7039.0,18707.0,12937,11863,1036,12813.0,E,33755,1268,3,3.0,6.0,4,4,1,4.0,1,84.2,16.9,5.9,92.7,51.0,4.0,-2.3,89.1,1339,71.85,11.399999999999999,423.23333333333335,433573.999,437031.108999999
E01011645,21407,13832.0,27352.0,21392,17404,647,16798.0,E,33755,11854,7,5.0,9.0,7,6,1,5.0,4,75.1,23.3,10.5,80.4,34.1,11.1,8.4,67.0,1510,57.25,16.9,3957.8333333333335,432396.818,436779.942
E01011646,14706,19435.0,18707.0,19430,16950,857,20709.0,E,33755,8442,5,6.0,6.0,6,6,1,7.0,3,81.5,30.4,10.9,84.4,48.0,13.0,4.7,78.6,1801,66.2,20.65,2819.9,433291.068,436458.695
E01011647,27921,13472.0,9458.0,13073,24266,455,6081.0,E,33755,6032,9,4.0,3.0,4,8,1,2.0,2,81.6,22.4,9.6,86.0,48.2,-6.9,4.5,79.9,1880,67.1,16.0,2009.8666666666668,432292.206,436060.266000001
E01011648,22451,16750.0,6632.0,17914,21478,641,8666.0,E,33755,4841,7,5.0,2.0,6,7,1,3.0,2,83.6,20.5,12.1,100.3,34.4,4.1,2.3,83.7,1859,67.35,16.3,1615.8000000000002,432755.206,436119.787
E01011649,3815,24552.0,23805.0,33357,4565,1937,31274.0,E,33755,29588,2,8.0,8.0,10,2,1,10.0,9,70.0,39.0,21.2,37.0,10.7,41.9,17.8,50.0,1581,23.85,30.1,9882.566666666668,434588.123,439801.77
E01011650,5104,11028.0,27352.0,25210,8743,1465,26880.0,E,33755,13162,2,4.0,9.0,8,3,1,8.0,4,80.1,22.3,12.2,72.2,38.0,15.8,7.0,68.4,1522,55.1,17.25,4394.933333333333,432676.961,439152.68
E01011651,7016,7114.0,27352.0,17385,10246,1425,16789.0,E,33755,4759,3,3.0,9.0,6,4,1,5.0,2,82.2,21.6,9.7,95.1,45.4,-0.6,0.9,83.9,1490,70.25,15.65,1586.4333333333332,432173.386,439446.689999999
E01011652,8209,22576.0,27352.0,20917,12381,1159,25199.0,E,33755,13806,3,7.0,9.0,7,4,1,8.0,5,76.2,25.7,12.0,82.7,32.3,9.0,6.8,65.2,1398,57.5,18.85,4607.266666666666,432061.136,438832.616
E01011653,5669,19897.0,27352.0,19228,11364,1223,19663.0,E,33755,8792,2,6.0,9.0,6,4,1,6.0,3,78.5,21.0,9.7,80.5,49.6,15.0,5.9,75.4,1376,65.05,15.35,2937.633333333333,432492.317,438737.33
E01011654,7882,12834.0,27352.0,32702,14223,882,17670.0,E,33755,20754,3,4.0,9.0,10,5,1,6.0,7,80.4,32.1,14.9,59.3,25.8,23.7,14.2,52.4,1473,42.55,23.5,6930.633333333334,431978.809,437960.594000001
E01011655,7464,8944.0,27352.0,21599,12242,1043,30946.0,E,33755,16634,3,3.0,9.0,7,4,1,10.0,5,76.3,30.7,19.3,86.2,34.6,22.4,10.9,63.0,1478,60.400000000000006,25.0,5555.766666666667,432443.98,438204.890000001
E01011656,9541,13211.0,9458.0,4575,12205,1506,6002.0,E,33755,175,3,4.0,3.0,2,4,1,2.0,1,81.7,9.5,8.8,107.9,51.2,-1.1,1.0,86.3,1525,79.55000000000001,9.15,58.300000000000004,434779.017,437311.547
E01011657,14331,19168.0,9458.0,3003,11490,1613,6298.0,E,33755,537,5,6.0,3.0,1,4,1,2.0,1,85.5,12.8,6.4,97.4,49.0,0.5,0.6,89.9,1281,73.2,9.600000000000001,179.36666666666667,434971.943,437118.295
E01011658,10910,21155.0,949.0,585,12741,1293,2452.0,E,33755,142,4,7.0,1.0,1,4,1,1.0,1,79.7,15.1,5.7,105.6,50.2,3.8,0.1,83.5,1708,77.9,10.4,48.63333333333333,434437.273,436755.153999999
E01011659,22838,11112.0,949.0,2091,12821,1562,5899.0,E,33755,386,7,4.0,1.0,1,4,1,2.0,1,86.7,12.3,5.4,98.6,50.1,-9.5,0.6,95.7,1461,74.35,8.850000000000001,125.7,435205.8,436458.113
E01011660,15069,12294.0,949.0,4056,13711,1354,5258.0,E,33755,139,5,4.0,1.0,2,5,1,2.0,1,83.1,15.9,3.3,107.1,51.9,5.2,-0.6,88.3,1826,79.5,9.6,47.86666666666667,434833.229,436243.521
E01011661,30998,15997.0,949.0,724,12350,1677,7036.0,E,33755,3253,10,5.0,1.0,1,4,1,3.0,1,82.7,14.5,8.3,70.9,59.1,3.3,2.7,84.7,1707,65.0,11.4,1086.3333333333333,435671.69,436283.222999999
E01011662,14054,9601.0,949.0,258,13074,1237,545.0,E,33755,18,5,3.0,1.0,1,4,1,1.0,1,86.7,14.3,5.1,108.8,43.7,3.1,2.4,83.8,1366,76.25,9.7,7.833333333333333,434464.77,435616.173
E01011663,22565,15299.0,9458.0,1921,14441,1510,2570.0,E,33755,821,7,5.0,3.0,1,5,1,1.0,1,81.7,14.7,5.4,90.1,45.4,10.6,2.0,88.9,1701,67.75,10.05,277.8666666666667,435122.199,435372.886
E01011664,21229,14045.0,949.0,3232,13055,1462,7838.0,E,33755,526,7,5.0,1.0,1,4,1,3.0,1,90.0,12.1,8.2,97.5,50.7,5.0,0.0,90.4,1323,74.1,10.149999999999999,177.0,435224.719,435843.463
E01011665,30937,10889.0,9458.0,5609,15201,1692,9227.0,E,33755,4910,10,4.0,3.0,2,5,1,3.0,2,84.8,19.6,11.5,95.0,45.7,7.8,5.0,82.3,1387,70.35,15.55,1640.9333333333334,435872.579,435401.369000001
E01011666,29225,17978.0,18707.0,20097,16511,1689,21588.0,E,33755,14777,9,6.0,6.0,6,5,1,7.0,5,79.0,27.4,13.9,92.2,33.9,19.0,6.7,70.0,1424,63.05,20.65,4934.233333333334,435811.43,435006.791999999
E01011667,22188,9378.0,949.0,355,14913,1441,699.0,E,33755,167,7,3.0,1.0,1,5,1,1.0,1,87.4,18.4,3.9,108.1,56.5,6.1,-0.0,90.1,1584,82.3,11.149999999999999,57.699999999999996,435109.507,435175.113
E01011668,13413,32556.0,31672.0,8256,23326,141,1007.0,E,33755,19248,4,10.0,10.0,3,7,1,1.0,6,73.6,29.0,15.1,69.9,22.6,31.6,11.9,57.2,1705,46.25,22.05,6430.5,429324.59,435646.903999999
E01011669,13130,22416.0,31672.0,8704,23414,92,3443.0,E,33755,10860,4,7.0,10.0,3,7,1,2.0,4,79.9,27.0,10.7,71.0,40.2,9.5,9.0,69.2,1481,55.6,18.85,3626.1666666666665,429558.11,435761.172
E01011670,13538,29152.0,6632.0,3365,25273,40,4187.0,E,33755,4618,5,9.0,2.0,1,8,1,2.0,2,82.8,18.7,9.5,91.0,47.0,7.2,0.6,83.3,2614,69.0,14.1,1541.9333333333334,429757.813,435390.532
E01011671,20766,21025.0,9458.0,2032,26872,4,1163.0,E,33755,3258,7,7.0,3.0,1,8,1,1.0,1,79.0,15.7,7.4,97.4,56.2,6.2,2.3,87.9,1687,76.80000000000001,11.55,1088.8333333333333,430145.425,434924.775
E01011673,24472,20443.0,9458.0,617,27312,169,24.0,E,33755,4024,8,7.0,3.0,1,9,1,1.0,2,85.6,16.6,3.7,90.7,51.5,10.8,3.7,79.5,1862,71.1,10.15,1346.1666666666667,431608.709,435055.892999999
E01011677,29731,25070.0,949.0,288,27234,266,149.0,E,33755,7296,9,8.0,1.0,1,9,1,1.0,3,82.9,18.6,7.1,76.8,45.8,12.4,9.4,73.6,1624,61.3,12.850000000000001,2439.2666666666664,431781.117,434783.801000001
E01011678,22353,26107.0,31672.0,14006,26926,223,4572.0,E,33755,18633,7,8.0,10.0,5,8,1,2.0,6,75.2,28.6,15.1,63.6,38.4,22.0,13.9,55.8,4342,51.0,21.85,6222.966666666667,428863.696,433950.101
E01011681,16016,32328.0,6632.0,2255,25979,101,2590.0,E,33755,8888,5,10.0,2.0,1,8,1,1.0,3,76.5,24.5,13.0,84.8,39.5,10.9,6.5,76.6,1693,62.15,18.75,2968.4666666666667,428663.05,434474.432
E01011684,7633,16096.0,18707.0,19435,10163,649,19042.0,E,33755,4504,3,5.0,6.0,6,4,1,6.0,2,84.2,15.0,7.3,83.0,36.6,13.5,5.2,83.2,1557,59.8,11.15,1507.5666666666666,426381.645,438467.249
E01011685,10680,12324.0,30601.0,25986,10715,284,27621.0,E,33755,18645,4,4.0,10.0,8,4,1,9.0,6,76.5,31.0,17.7,59.2,24.2,11.9,13.1,56.1,2215,41.7,24.35,6223.333333333333,426933.822,437187.231000001
E01011686,10248,14839.0,949.0,3107,12302,823,8598.0,E,33755,111,4,5.0,1.0,1,4,1,3.0,1,83.5,15.3,6.0,94.7,41.9,8.3,-1.1,92.0,1541,68.3,10.65,39.4,425885.048,437809.558
E01011687,6676,17746.0,27352.0,20128,9929,454,25329.0,E,33755,11119,2,6.0,9.0,6,3,1,8.0,4,82.8,25.6,13.4,87.8,34.0,24.8,8.6,68.8,1527,60.9,19.5,3717.4666666666667,426374.92,437913.078
E01011688,30037,23550.0,27352.0,16908,16637,262,24244.0,E,33755,20993,9,7.0,9.0,6,5,1,8.0,7,75.6,35.2,18.6,69.5,25.7,13.1,14.9,57.1,1518,47.6,26.900000000000002,7007.0,429060.054,437269.696
E01011689,30913,18287.0,18707.0,14103,15254,190,23415.0,E,33755,14960,10,6.0,6.0,5,5,1,7.0,5,76.4,30.6,15.5,91.0,25.7,10.0,7.3,64.3,1611,58.35,23.05,4992.433333333333,428494.696,437432.255999999
E01011690,20529,20341.0,30601.0,22518,13851,110,27192.0,E,33755,21110,7,7.0,10.0,7,5,1,9.0,7,74.5,29.6,18.5,69.6,42.1,32.6,12.6,55.8,1362,55.849999999999994,24.05,7051.733333333333,427542.594,437063.721999999
E01011691,32277,25071.0,6632.0,6180,16911,157,11655.0,E,33755,11244,10,8.0,2.0,2,6,1,4.0,4,80.8,24.2,12.5,84.0,41.6,18.0,5.8,76.3,1500,62.8,18.35,3755.933333333333,428803.114,436892.941
E01011692,30537,16370.0,30601.0,19959,17459,65,27366.0,E,33755,24796,10,5.0,10.0,6,6,1,9.0,8,77.1,37.1,20.5,60.8,25.3,30.7,16.0,50.0,1502,43.05,28.8,8280.9,428112.518,436828.185000001
E01011693,31717,23101.0,30601.0,15749,18247,86,12915.0,E,33755,21428,10,7.0,10.0,5,6,1,4.0,7,77.1,28.2,18.8,60.3,22.6,24.7,10.2,53.0,1513,41.45,23.5,7154.3,428437.448,436761.784
E01011694,25015,12166.0,30601.0,20908,15827,43,14220.0,E,33755,14321,8,4.0,10.0,7,5,1,5.0,5,82.1,25.3,12.0,60.3,34.1,12.5,9.3,59.1,1855,47.2,18.65,4780.933333333333,427515.25,436571.392000001
E01011695,12558,9818.0,9458.0,5041,11581,881,7072.0,E,33755,176,4,3.0,3.0,2,4,1,3.0,1,83.6,11.9,3.5,90.8,50.9,7.2,2.1,87.2,1710,70.85,7.7,61.76666666666666,425938.723,438887.754000001
E01011696,3962,7129.0,14568.0,30291,11661,998,28497.0,E,33755,14517,2,3.0,5.0,9,4,1,9.0,5,77.6,21.8,13.9,80.8,25.1,12.7,15.3,66.1,1549,52.95,17.85,4848.333333333333,438448.492,445624.426999999
E01011697,3509,4615.0,13499.0,22079,9964,1263,16753.0,E,33755,2053,2,2.0,4.0,7,3,1,5.0,1,85.9,13.8,9.3,103.8,41.9,1.4,0.9,86.6,2285,72.85,11.55,685.1,444023.976,446827.584000001
E01011698,24120,14933.0,8599.0,24430,28208,50,25632.0,E,33755,17658,8,5.0,3.0,8,9,1,8.0,6,78.0,31.5,14.4,72.1,25.4,22.0,12.7,63.5,1462,48.75,22.95,5897.566666666667,440128.454,449281.99
E01011699,18885,8984.0,14568.0,31869,19684,111,32892.0,E,33755,28374,6,3.0,5.0,10,6,1,10.0,9,73.7,33.3,24.1,37.5,16.1,36.2,14.0,50.0,1289,26.8,28.7,9474.733333333334,439879.688,449549.345000001
E01011700,27578,7818.0,8599.0,22738,29255,47,30903.0,E,33755,23228,9,3.0,3.0,7,9,1,10.0,7,74.7,34.3,16.8,44.8,27.9,28.2,12.9,54.1,1482,36.349999999999994,25.549999999999997,7756.366666666668,440795.201,448997.630000001
E01011701,24269,9132.0,14568.0,28345,30069,15,32157.0,E,33755,28070,8,3.0,5.0,9,9,1,10.0,9,70.4,38.2,20.2,53.1,21.4,41.0,18.1,50.0,1367,37.25,29.200000000000003,9376.366666666667,440075.991,448841.448999999
E01011702,15804,7930.0,14568.0,33048,28892,76,23557.0,E,33755,25481,5,3.0,5.0,10,9,1,7.0,8,74.3,30.3,22.2,54.4,20.3,31.7,13.1,50.0,1648,37.35,26.25,8508.6,439617.194,448480.970000001
E01011703,9257,3726.0,14568.0,33569,27576,135,23177.0,E,33755,25746,3,2.0,5.0,10,9,1,7.0,8,70.8,36.3,21.9,57.3,22.8,31.6,17.4,50.0,1224,40.05,29.099999999999998,8598.333333333334,439162.008,448511.57
E01011704,30312,22089.0,7408.0,16142,32181,19,25118.0,E,33755,23932,9,7.0,3.0,5,10,1,8.0,8,72.7,35.0,20.1,50.7,20.5,22.1,10.5,54.4,2229,35.6,27.55,7988.2,440469.037,448258.960000001
E01011705,25828,8462.0,4068.0,12778,31168,63,14757.0,E,33755,9869,8,3.0,2.0,4,10,1,5.0,3,79.4,19.5,7.1,96.0,32.0,8.6,7.6,71.5,1369,64.0,13.3,3295.066666666667,441019.323,448365.911
E01011706,4752,8140.0,14568.0,32748,13750,747,20388.0,E,33755,15880,2,3.0,5.0,10,5,1,7.0,5,78.4,22.4,14.9,65.2,38.4,17.9,8.8,63.8,1534,51.8,18.65,5302.233333333333,438471.628,446123.095000001
E01011707,4107,5665.0,7408.0,19887,11775,1083,22804.0,E,33755,2608,2,2.0,3.0,6,4,1,7.0,1,83.3,19.0,6.0,105.2,43.2,4.6,0.8,82.3,1295,74.2,12.5,871.1333333333333,441951.892,445495.27
E01011708,1363,4983.0,14568.0,28720,5915,1754,23578.0,E,33755,7350,1,2.0,5.0,9,2,1,7.0,3,81.0,22.8,10.1,79.9,55.0,3.0,3.0,80.7,1471,67.45,16.45,2452.0,436128.923,444428.449999999
E01011709,3842,12678.0,14568.0,25397,14435,1158,29025.0,E,33755,11866,2,4.0,5.0,8,5,1,9.0,4,80.2,25.4,9.2,80.8,41.2,16.5,7.9,70.0,2047,61.0,17.299999999999997,3963.4666666666667,442451.623,445497.522
E01011710,2858,3620.0,14568.0,26338,5686,1551,30219.0,E,33755,10783,1,2.0,5.0,8,2,1,9.0,4,81.6,25.0,9.5,78.8,37.7,13.4,4.6,73.4,1414,58.25,17.25,3600.3333333333335,442798.673,444297.721999999
E01011711,3503,21011.0,14568.0,24862,13801,1270,25687.0,E,33755,10524,2,7.0,5.0,8,5,1,8.0,4,79.7,22.9,11.1,79.6,44.6,23.9,2.1,77.3,1417,62.099999999999994,17.0,3516.6666666666665,443378.686,445307.48
E01011712,2053,2586.0,14568.0,26922,5630,1942,17614.0,E,33755,3567,1,1.0,5.0,8,2,1,6.0,2,84.0,22.0,9.3,89.0,38.0,3.9,5.0,76.7,1448,63.5,15.65,1191.9666666666667,442566.011,443067.914999999
E01011713,1654,6204.0,21844.0,32868,3245,2047,16515.0,E,33755,14553,1,2.0,7.0,10,1,1,5.0,5,75.7,27.9,16.5,94.0,29.7,25.9,7.7,67.8,1785,61.85,22.2,4862.2,436533.189,443188.146
E01011714,7885,3366.0,17166.0,22301,8378,1954,30608.0,E,33755,10823,3,1.0,6.0,7,3,1,10.0,4,80.8,26.5,15.6,93.6,35.1,16.0,9.1,68.0,1947,64.35,21.05,3616.0333333333333,435997.894,437972.764
E01011715,4812,8857.0,23805.0,28668,2180,2917,29961.0,E,33755,16334,2,3.0,8.0,9,1,1,9.0,5,79.6,28.2,17.0,83.2,30.3,18.9,8.6,58.1,1354,56.75,22.6,5453.833333333333,437679.618,437430.229
E01011716,6784,14672.0,18707.0,22686,10485,1737,24146.0,E,33755,7647,3,5.0,6.0,7,4,1,8.0,3,81.8,20.9,9.0,81.4,35.8,6.1,4.9,83.1,1588,58.6,14.95,2552.6666666666665,435119.584,438155.710999999
E01011717,8646,4579.0,9458.0,11387,10728,1820,20606.0,E,33755,1141,3,2.0,3.0,4,4,1,7.0,1,87.6,13.4,8.8,88.1,49.0,-2.5,1.2,87.5,1621,68.55,11.100000000000001,379.90000000000003,435621.153,437886.078
E01011718,12681,2797.0,9458.0,9432,8272,1911,14735.0,E,33755,398,4,1.0,3.0,3,3,1,5.0,1,85.8,11.1,6.0,101.1,40.2,2.1,0.9,88.7,1972,70.65,8.55,133.66666666666666,435984.297,437484.572000001
E01011719,4993,9950.0,17166.0,21897,1235,3633,26279.0,E,33755,6102,2,3.0,6.0,7,1,2,8.0,2,78.0,21.5,10.5,95.5,31.5,9.3,2.1,83.9,1430,63.5,16.0,2037.8000000000002,437902.446,436724.289999999
E01011720,19372,4499.0,949.0,4376,9571,1815,9655.0,E,33755,153,6,2.0,1.0,2,3,1,3.0,1,83.7,15.5,9.0,109.5,42.6,8.5,0.5,89.3,1510,76.05,12.25,54.0,436075.883,436660.159
E01011721,15829,12643.0,949.0,3422,9190,1950,3603.0,E,33755,70,5,4.0,1.0,2,3,1,2.0,1,84.0,11.9,8.0,103.2,45.7,-0.2,-1.9,95.7,1565,74.45,9.95,22.63333333333333,436413.947,436511.960999999
E01011722,13186,21410.0,9458.0,9769,8376,2065,13444.0,E,33755,1688,4,7.0,3.0,3,3,1,4.0,1,88.2,16.3,8.1,101.4,48.7,4.8,2.4,84.2,2115,75.05000000000001,12.2,565.0666666666667,436975.957,435997.376
E01011723,16381,23751.0,949.0,3199,9252,2008,5617.0,E,33755,622,5,8.0,1.0,1,3,1,2.0,1,87.4,13.2,4.4,91.5,50.4,-6.3,2.4,85.5,1716,70.95,8.8,206.03333333333333,436670.493,436182.632999999
E01011724,25458,9623.0,9458.0,6477,11929,1876,9189.0,E,33755,1587,8,3.0,3.0,2,4,1,3.0,1,86.7,21.3,7.1,96.2,42.9,-1.7,-0.6,86.6,1869,69.55,14.2,528.2333333333333,436263.256,435910.748
E01011725,24709,13781.0,949.0,1360,17921,543,2850.0,E,33755,781,8,5.0,1.0,1,6,1,1.0,1,82.9,21.6,4.4,108.5,55.7,4.0,-3.1,93.6,1514,82.1,13.0,260.6333333333333,425569.088,433275.035
E01011726,17981,23208.0,9458.0,5417,18108,851,6059.0,E,33755,2185,6,7.0,3.0,2,6,1,2.0,1,83.3,17.7,9.4,87.3,45.8,8.7,-2.3,86.3,1561,66.55,13.55,730.4666666666666,425009.604,432784.509
E01011727,24658,21451.0,18707.0,18211,20680,753,26183.0,E,33755,15952,8,7.0,6.0,6,7,1,8.0,5,79.4,28.4,15.6,72.0,46.9,21.4,5.6,67.2,1549,59.45,22.0,5326.333333333333,424746.388,433305.938999999
E01011728,10130,15787.0,17166.0,21300,11748,1248,20792.0,E,33755,6054,4,5.0,6.0,7,4,1,7.0,2,82.3,21.3,3.6,90.5,41.7,8.0,3.4,79.2,1384,66.1,12.450000000000001,2021.8,424691.119,431019.892999999
E01011729,28247,23334.0,9458.0,2561,17347,222,3101.0,E,33755,4175,9,7.0,3.0,1,6,1,1.0,2,82.5,18.9,5.2,91.2,49.8,9.9,0.5,81.6,1700,70.5,12.049999999999999,1395.1333333333332,426374.369,433214.687000001
E01011730,20994,19920.0,9458.0,3656,15039,613,5435.0,E,33755,1405,7,6.0,3.0,2,5,1,2.0,1,85.1,15.5,9.4,91.1,40.5,-7.5,1.8,85.1,1564,65.8,12.45,466.43333333333334,425649.22,432647.352
E01011731,19696,11023.0,17166.0,18585,17254,328,22662.0,E,33755,7911,6,4.0,6.0,6,6,1,7.0,3,84.5,19.6,9.5,89.6,34.9,-1.1,5.5,73.5,1428,62.25,14.55,2638.4666666666667,426420.124,432551.630999999
E01011732,27569,23356.0,18707.0,17253,18130,164,23008.0,E,33755,15072,9,7.0,6.0,6,6,1,7.0,5,78.0,25.1,14.6,75.6,48.9,18.3,9.5,68.3,1982,62.25,19.85,5033.266666666666,426948.092,432691.331
E01011733,25962,26638.0,9458.0,15643,17012,95,19803.0,E,33755,11199,8,8.0,3.0,5,6,1,6.0,4,78.4,20.1,13.1,86.2,38.6,13.1,8.0,68.8,1574,62.400000000000006,16.6,3740.0333333333333,427321.255,432239.301999999
E01011734,20389,18150.0,27352.0,21647,16961,308,26191.0,E,33755,17213,7,6.0,9.0,7,6,1,8.0,6,78.4,25.7,17.3,75.9,29.9,22.3,11.0,59.9,2797,52.900000000000006,21.5,5748.766666666666,426568.848,431536.029999999
E01011735,13195,15719.0,949.0,2277,14606,700,5025.0,E,33755,146,4,5.0,1.0,1,5,1,2.0,1,83.7,15.9,6.7,102.3,45.8,5.1,0.1,88.8,1693,74.05,11.3,50.4,425534.224,432231.339
E01011736,21853,18484.0,9458.0,17120,16773,212,20676.0,E,33755,7143,7,6.0,3.0,6,5,1,7.0,3,81.7,21.8,8.3,85.5,37.9,11.4,4.0,79.0,1402,61.7,15.05,2386.133333333333,426929.659,432126.848999999
E01011737,14880,16883.0,9458.0,4970,16374,402,6534.0,E,33755,756,5,6.0,3.0,2,5,1,2.0,1,84.3,15.0,4.0,91.4,49.4,0.9,-1.5,87.7,1536,70.4,9.5,251.79999999999998,426114.015,431893.499
E01011738,7379,12143.0,17166.0,20290,11805,900,23402.0,E,33755,5655,3,4.0,6.0,7,4,1,7.0,2,82.1,14.7,7.5,98.4,46.8,6.8,0.7,78.5,1497,72.6,11.1,1887.5,424930.402,431390.602
E01011739,26496,16544.0,949.0,3195,21097,615,5351.0,E,33755,2281,8,5.0,1.0,1,7,1,2.0,1,83.4,16.0,5.9,102.4,55.9,5.6,-1.0,89.1,1602,79.15,10.95,761.8666666666667,424951.816,433781.882999999
E01032487,21240,10693.0,9458.0,7325,9130,1965,10979.0,E,33755,988,7,4.0,3.0,3,3,1,4.0,1,84.4,17.2,7.4,98.3,41.1,-4.1,-1.2,91.7,1042,69.7,12.3,327.56666666666666,436070.754,428684.077
E01032488,15272,10523.0,23805.0,23547,8392,2071,31426.0,E,33755,17994,5,4.0,8.0,7,3,1,10.0,6,75.5,25.1,13.9,64.7,27.2,21.0,11.0,53.9,1808,45.95,19.5,6008.666666666667,435656.265,428939.994000001
E01032489,21789,15950.0,18707.0,12859,31025,379,13194.0,E,33755,12059,7,5.0,6.0,4,10,1,4.0,4,78.5,23.1,10.8,78.4,40.3,14.3,8.7,70.9,2113,59.35,16.950000000000003,4027.3333333333335,426906.12,427970.393999999
E01032490,15714,10485.0,27352.0,28017,29404,446,31337.0,E,33755,27639,5,4.0,9.0,9,9,1,10.0,9,70.0,34.7,22.2,53.4,20.9,23.8,14.8,50.0,1396,37.15,28.450000000000003,9225.866666666667,427381.844,427593.903000001
E01032491,14058,5169.0,27352.0,30480,28028,606,31681.0,E,33755,28405,5,2.0,9.0,10,9,1,10.0,9,73.2,35.0,21.5,40.6,18.9,28.6,15.6,50.0,1195,29.75,28.25,9483.066666666666,427398.013,427193.698999999
E01032492,24183,27107.0,9458.0,5823,31991,485,5712.0,E,33755,13276,8,9.0,3.0,2,10,1,2.0,4,77.1,25.0,11.4,80.5,45.0,22.3,5.6,64.9,2104,62.75,18.2,4434.633333333333,426947.925,427643.177999999
E01032493,11074,11883.0,18707.0,21129,12148,573,28946.0,E,33755,10897,4,4.0,6.0,7,4,1,9.0,4,81.2,17.9,10.9,78.4,47.3,14.0,5.9,72.1,1366,62.85,14.399999999999999,3638.9666666666667,425384.719,436653.927999999
E01032494,8190,31314.0,9458.0,4515,12988,664,4967.0,E,33755,3540,3,10.0,3.0,2,4,1,2.0,2,84.0,18.2,12.5,90.8,42.5,2.8,1.4,81.3,1911,66.65,15.35,1181.4,425260.43,437020.665999999
E01032496,7074,17889.0,18707.0,22167,8344,1823,26800.0,E,33755,9573,3,6.0,6.0,7,3,1,8.0,3,81.3,19.3,10.6,79.4,40.8,12.5,5.0,75.6,2200,60.1,14.95,3196.8333333333335,432608.493,427086.943
E01032497,25527,8604.0,9458.0,3586,12184,953,3713.0,E,33755,790,8,3.0,3.0,2,4,1,2.0,1,81.1,15.4,3.8,98.6,51.8,6.9,0.4,89.3,1610,75.19999999999999,9.6,265.76666666666665,430632.834,428542.672
E01032498,27718,19708.0,16498.0,12063,13196,784,14829.0,E,33755,7432,9,6.0,5.0,4,4,1,5.0,3,83.4,19.0,9.3,94.0,33.2,-3.7,3.2,82.4,1661,63.6,14.15,2477.1666666666665,430163.337,428231.077
E01032499,18285,10010.0,18707.0,21497,17454,332,29713.0,E,33755,14554,6,3.0,6.0,7,6,1,9.0,5,77.1,31.3,13.2,80.9,26.3,16.6,6.5,69.4,1707,53.6,22.25,4859.033333333334,425863.873,433881.448999999
E01032500,24112,15206.0,6632.0,2416,16240,251,1315.0,E,33755,888,8,5.0,2.0,1,5,1,1.0,1,88.3,18.1,6.5,89.0,38.2,3.8,2.9,87.6,1386,63.6,12.3,298.2333333333333,426509.387,433685.112
E01032501,9117,21123.0,23805.0,23819,10437,1503,26920.0,E,33755,13991,3,7.0,8.0,8,4,1,8.0,5,79.3,26.8,9.7,80.5,31.6,4.1,8.1,65.4,1149,56.05,18.25,4667.733333333334,424688.965,439321.698000001
E01032502,9461,11760.0,18707.0,7133,12500,1337,9518.0,E,33755,829,3,4.0,6.0,3,4,1,3.0,1,84.1,18.2,5.4,94.1,51.5,-6.4,2.6,82.3,1875,72.8,11.8,275.06666666666666,424936.797,438926.118000001
E01032503,10046,10145.0,14568.0,31812,10732,1096,28412.0,E,33755,18773,3,4.0,5.0,10,4,1,9.0,6,73.6,29.1,19.8,67.2,29.9,25.8,9.5,59.3,1447,48.55,24.450000000000003,6269.433333333333,424436.105,443023.218
E01032504,4991,11120.0,23805.0,32501,7544,2106,17918.0,E,33755,16465,2,4.0,8.0,10,3,1,6.0,5,80.0,27.4,16.9,70.9,26.6,26.0,12.5,61.1,1781,48.75,22.15,5501.166666666667,425803.285,442661.831
E01032606,28209,16008.0,9458.0,9410,21408,524,12501.0,E,33755,6247,9,5.0,3.0,3,7,1,4.0,2,81.4,14.6,7.0,87.3,43.2,2.9,1.9,80.5,2109,65.25,10.8,2083.933333333333,425193.182,434032.934
E01032607,26877,20075.0,9458.0,4392,16265,318,6414.0,E,33755,3224,8,6.0,3.0,2,5,1,2.0,1,86.7,16.6,6.5,90.6,41.3,3.1,0.7,83.7,1273,65.94999999999999,11.55,1075.9333333333332,426391.445,433466.458000001
E01032608,22737,16774.0,6632.0,6004,15216,296,4121.0,E,33755,1193,7,5.0,2.0,2,5,1,2.0,1,83.9,21.6,9.0,111.5,40.5,-6.6,2.7,81.9,1116,76.0,15.3,396.36666666666673,426274.138,433711.164999999
E01032876,11804,8825.0,31672.0,31050,8831,400,17743.0,E,33755,19670,4,3.0,10.0,10,3,1,6.0,6,80.5,29.5,17.6,75.8,27.8,20.6,15.2,56.3,1874,51.8,23.55,6568.599999999999,427390.868,438349.344000001
E01032946,18101,18644.0,31672.0,15406,21444,51,9756.0,E,33755,13293,6,6.0,10.0,5,7,1,3.0,4,75.9,29.6,10.8,84.0,32.2,25.3,10.3,64.2,3146,58.1,20.200000000000003,4442.866666666666,428552.985,435844.631999999
E01033002,31582,25296.0,6632.0,3524,32595,57,15671.0,E,33755,21162,10,8.0,2.0,2,10,1,5.0,7,75.8,27.8,16.7,66.8,24.5,36.6,12.6,50.6,2179,45.65,22.25,7070.399999999999,430406.34,434417.567
E01033003,33064,22080.0,6632.0,774,32456,81,5613.0,E,33755,20155,10,7.0,2.0,1,10,1,2.0,6,74.1,28.5,16.2,58.3,33.0,26.1,11.2,58.8,2293,45.65,22.35,6730.766666666666,430554.262,434423.195
E01033008,33351,26961.0,30601.0,15926,32428,255,21392.0,E,33755,31971,10,8.0,10.0,5,10,1,7.0,10,70.0,41.8,22.3,52.0,25.3,39.1,22.1,50.0,2148,38.65,32.05,10677.4,429523.295,433387.132999999
E01033010,33598,24337.0,31672.0,12359,33391,196,15125.0,E,33755,32362,10,8.0,10.0,4,10,1,5.0,10,70.7,43.3,23.7,34.8,18.3,36.0,19.0,50.0,3481,26.549999999999997,33.5,10805.666666666666,430171.0,434196.706
E01033011,32484,25053.0,30601.0,9712,33529,291,25884.0,E,33755,32192,10,8.0,10.0,3,10,1,8.0,10,70.0,38.8,27.0,57.3,16.5,37.4,16.8,50.0,1344,36.9,32.9,10748.733333333334,430621.072,433343.560000001
E01033013,16978,13620.0,6632.0,2883,25027,77,7190.0,E,33755,1461,6,5.0,2.0,1,8,1,3.0,1,84.7,14.5,6.9,98.8,40.4,-3.1,-0.6,88.4,1431,69.6,10.7,485.7666666666667,429045.761,432449.559
E01033015,31020,11249.0,30601.0,23582,30372,245,24934.0,E,33755,28524,10,4.0,10.0,7,9,1,8.0,9,70.0,38.8,23.2,57.5,15.7,29.5,16.5,50.0,1510,36.6,31.0,9523.333333333334,429273.815,433140.189999999
E01033016,33004,19357.0,30601.0,15620,32711,283,31255.0,E,33755,32833,10,6.0,10.0,5,10,1,10.0,10,70.0,37.5,23.2,44.3,22.1,43.6,20.0,50.0,1047,33.2,30.35,10965.533333333333,430211.711,433103.971999999
E01033021,19188,9891.0,949.0,2882,30356,417,11303.0,E,33755,3767,6,3.0,1.0,1,9,1,4.0,2,84.3,21.6,6.0,101.1,41.4,-2.5,1.6,82.2,2067,71.25,13.8,1255.3666666666666,431477.806,433260.147
E01033031,30986,28948.0,6632.0,2287,30698,159,13628.0,E,33755,18415,10,9.0,2.0,1,10,1,5.0,6,77.5,22.8,15.0,78.4,28.4,21.2,11.9,63.5,1608,53.400000000000006,18.9,6149.366666666668,431042.709,434107.187999999
E01033033,27117,20048.0,31672.0,9955,32993,353,24993.0,E,33755,28773,9,6.0,10.0,3,10,1,8.0,9,71.8,34.2,20.7,58.0,22.7,37.3,17.8,50.0,1617,40.35,27.450000000000003,9609.366666666667,430943.074,433265.977
E01033034,26006,20256.0,30601.0,23374,32066,434,26117.0,E,33755,29214,8,7.0,10.0,7,10,1,8.0,9,70.3,38.1,22.4,63.9,15.0,40.2,15.0,50.0,1480,39.45,30.25,9756.4,431013.032,433043.594000001
E01033035,33034,24940.0,949.0,435,30807,203,217.0,E,33755,16428,10,8.0,1.0,1,10,1,1.0,5,73.0,21.1,13.8,70.4,34.1,27.7,7.8,60.2,1817,52.25,17.450000000000003,5487.833333333333,431337.283,434244.551999999
E01035040,21890,18510.0,23792.0,14094,16719,33,1619.0,E,33755,5146,7,6.0,8.0,5,5,1,1.0,2,83.6,10.7,7.1,94.7,47.7,11.6,1.7,86.4,1738,71.2,8.899999999999999,1719.7666666666667,,
E01035041,20773,20860.0,31672.0,18821,18964,48,5546.0,E,33755,14253,7,7.0,10.0,6,6,1,2.0,5,77.4,30.0,12.9,71.0,29.8,12.1,10.6,65.0,1302,50.4,21.45,4758.566666666667,,
E01035042,16088,27098.0,30580.0,4370,26031,60,11078.0,E,33755,14241,5,9.0,10.0,2,8,1,4.0,5,79.3,26.3,9.4,58.2,47.2,11.8,5.6,68.6,2288,52.7,17.85,4752.8,,
E01035043,27134,27144.0,31672.0,5476,27250,42,1097.0,E,33755,18943,9,9.0,10.0,2,9,1,1.0,6,77.9,30.1,17.6,63.6,28.1,24.6,12.1,58.2,1416,45.85,23.85,6326.566666666666,,
E01035044,18001,25774.0,31672.0,9840,26743,107,3944.0,E,33755,15662,6,8.0,10.0,3,8,1,2.0,5,85.7,20.7,18.0,77.9,38.5,16.2,5.9,64.8,2643,58.2,19.35,5228.033333333334,,
E01035045,14748,28481.0,27346.0,5837,26539,151,8387.0,E,33755,11982,5,9.0,9.0,2,8,1,3.0,4,79.0,25.0,12.2,76.8,38.9,13.4,7.2,71.7,1308,57.849999999999994,18.6,4000.866666666667,,
E01035046,28861,11860.0,30601.0,6907,27115,133,27312.0,E,33755,22669,9,4.0,10.0,3,9,1,9.0,7,73.8,30.6,19.5,71.4,28.8,31.3,9.4,55.9,1158,50.1,25.05,7569.900000000001,,
E01035047,20946,14710.0,23721.0,7014,26439,74,23745.0,E,33755,11893,7,5.0,8.0,3,8,1,8.0,4,76.5,26.3,11.4,83.6,44.4,15.4,7.5,72.3,1331,64.0,18.85,3971.9666666666667,,
E01035048,28926,7811.0,18707.0,16616,11398,1169,24256.0,E,33755,11142,9,3.0,6.0,5,4,1,8.0,4,77.6,22.1,14.3,69.3,40.5,10.3,8.2,71.7,1894,54.9,18.200000000000003,3720.1666666666665,,
E01035049,22497,9320.0,17158.0,17563,8672,1377,30140.0,E,33755,12647,7,3.0,6.0,6,3,1,9.0,4,78.2,25.7,11.2,72.7,40.0,21.6,6.1,64.7,1487,56.35,18.45,4224.900000000001,,
E01035050,18548,11295.0,18664.0,12759,11448,1120,16325.0,E,33755,3345,6,4.0,6.0,4,4,1,5.0,1,85.0,19.6,10.7,94.1,48.3,12.6,1.3,88.2,1619,71.19999999999999,15.15,1119.6333333333334,,
E01035051,17006,12636.0,27352.0,24166,8485,1268,29116.0,E,33755,17349,6,4.0,9.0,8,3,1,9.0,6,76.7,30.2,15.8,70.2,47.1,24.0,13.4,60.3,1607,58.650000000000006,23.0,5795.466666666667,,
E01035052,7622,4056.0,27352.0,18078,4426,1449,15070.0,E,33755,3503,3,2.0,9.0,6,2,1,5.0,2,86.0,15.5,8.6,79.5,50.8,6.2,3.0,84.4,1453,65.15,12.05,1170.7333333333333,,
E01035053,6164,9263.0,23786.0,23001,5097,2181,25989.0,E,33755,8733,2,3.0,8.0,7,2,1,8.0,3,80.6,21.5,10.5,94.4,44.7,9.9,4.2,76.1,1733,69.55000000000001,16.0,2915.7000000000003,,
E01035054,30387,11174.0,31663.0,24371,31557,453,25445.0,E,33755,30040,10,4.0,10.0,8,10,1,8.0,9,71.8,37.5,23.7,35.3,16.7,32.3,21.6,50.0,2569,26.0,30.6,10031.3,,
