LSOA11CD,domain_supermarket_proximity,domain_supermarket_accessibility,domain_ecommerce_access,domain_socio_demographic,domain_nonsupermarket_proximity,domain_food_for_families,domain_fuel_poverty,country,country_denominator,combined,pp_dec_domain_supermarket_proximity,pp_dec_domain_supermarket_accessibility,pp_dec_domain_ecommerce_access,pp_dec_domain_socio_demographic,pp_dec_domain_nonsupermarket_proximity,pp_dec_domain_food_for_families,pp_dec_domain_fuel_poverty,pp_dec_combined
E01011264,22131,7474.0,16498.0,17684,14522,234,19508.0,E,33755,5780,7,3.0,5.0,6,5,1,6.0,2
E01011265,29019,19075.0,18707.0,16504,15771,488,24071.0,E,33755,14441,9,6.0,6.0,5,5,1,8.0,5
E01011266,19228,5686.0,27352.0,32347,13354,878,33449.0,E,33755,31392,6,2.0,9.0,10,4,1,10.0,10
E01011267,23300,10358.0,9458.0,12190,15848,378,14361.0,E,33755,2959,7,4.0,3.0,4,5,1,5.0,1
E01011268,19799,4748.0,9458.0,8951,16271,265,10129.0,E,33755,943,6,2.0,3.0,3,5,1,4.0,1
E01011269,27647,11679.0,9458.0,14382,14772,148,17490.0,E,33755,5925,9,4.0,3.0,5,5,1,6.0,2
E01011270,10980,2959.0,23805.0,33551,9506,1102,16586.0,E,33755,21394,4,1.0,8.0,10,3,1,5.0,7
E01011271,23878,6441.0,23805.0,26585,13502,537,31538.0,E,33755,22581,8,2.0,8.0,8,4,1,10.0,7
E01011272,20245,2861.0,23805.0,30431,12769,210,32070.0,E,33755,25195,6,1.0,8.0,10,4,1,10.0,8
E01011273,26810,4955.0,18707.0,18332,15811,146,21845.0,E,33755,9331,8,2.0,6.0,6,5,1,7.0,3
E01011274,29506,13879.0,9458.0,6686,15719,44,7649.0,E,33755,3839,9,5.0,3.0,2,5,1,3.0,2
E01011275,21885,6451.0,17166.0,17592,14517,93,19498.0,E,33755,5649,7,2.0,6.0,6,5,1,6.0,2
E01011276,25084,13264.0,23805.0,20668,14333,53,27661.0,E,33755,16082,8,4.0,8.0,7,5,1,9.0,5
E01011277,14866,6670.0,27352.0,26314,11668,39,30213.0,E,33755,18966,5,2.0,9.0,8,4,1,9.0,6
E01011278,14594,15914.0,27352.0,27577,13141,11,27535.0,E,33755,19009,5,5.0,9.0,9,4,1,9.0,6
E01011279,17337,14239.0,23805.0,22375,15511,553,24213.0,E,33755,12120,6,5.0,8.0,7,5,1,8.0,4
E01011280,23950,12412.0,23805.0,28757,16163,751,31937.0,E,33755,26118,8,4.0,8.0,9,5,1,10.0,8
E01011281,25445,26389.0,18707.0,7577,18760,244,10859.0,E,33755,8465,8,8.0,6.0,3,6,1,4.0,3
E01011282,30861,14612.0,9458.0,3243,21742,496,5602.0,E,33755,5789,10,5.0,3.0,1,7,1,2.0,2
E01011283,17223,20525.0,9458.0,1267,18544,274,4130.0,E,33755,1101,6,7.0,3.0,1,6,1,2.0,1
E01011284,31419,22693.0,6632.0,3626,23262,113,1351.0,E,33755,7964,10,7.0,2.0,2,7,1,1.0,3
E01011286,27943,16074.0,18707.0,16313,21073,418,18154.0,E,33755,11471,9,5.0,6.0,5,7,1,6.0,4
E01011287,30974,10416.0,9458.0,13911,23774,763,19894.0,E,33755,12149,10,4.0,3.0,5,8,1,6.0,4
E01011292,32341,30556.0,949.0,503,21336,115,2922.0,E,33755,12926,10,10.0,1.0,1,7,1,1.0,4
E01011293,33057,29271.0,949.0,2248,22859,104,1888.0,E,33755,14474,10,9.0,1.0,1,7,1,1.0,5
E01011294,31305,29285.0,949.0,456,23045,18,3983.0,E,33755,10398,10,9.0,1.0,1,7,1,2.0,4
E01011295,26837,19934.0,9458.0,5728,21013,387,5470.0,E,33755,4217,8,6.0,3.0,2,7,1,2.0,2
E01011296,9952,5714.0,17166.0,25113,2951,3458,29994.0,E,33755,11691,3,2.0,6.0,8,1,2,9.0,4
E01011297,10018,2994.0,23805.0,29544,3034,3014,25115.0,E,33755,12794,3,1.0,8.0,9,1,1,8.0,4
E01011298,4188,3060.0,18707.0,13257,4113,2268,11747.0,E,33755,432,2,1.0,6.0,4,2,1,4.0,1
E01011299,10108,9057.0,18707.0,22086,27404,707,20962.0,E,33755,10402,3,3.0,6.0,7,9,1,7.0,4
E01011300,5493,10351.0,9458.0,15739,7499,1795,11262.0,E,33755,515,2,4.0,3.0,5,3,1,4.0,1
E01011301,5002,15025.0,23805.0,28702,8816,1666,32732.0,E,33755,23986,2,5.0,8.0,9,3,1,10.0,8
E01011302,4966,10838.0,16498.0,27140,8337,1670,30386.0,E,33755,14142,2,4.0,5.0,9,3,1,10.0,5
E01011303,3882,20777.0,17166.0,14900,9621,1348,12192.0,E,33755,2190,2,7.0,6.0,5,3,1,4.0,1
E01011304,3919,23883.0,9458.0,10643,10261,1384,14241.0,E,33755,1683,2,8.0,3.0,4,4,1,5.0,1
E01011305,4100,20862.0,18707.0,23832,10330,1464,22872.0,E,33755,8732,2,7.0,6.0,8,4,1,7.0,3
E01011306,4338,12433.0,18707.0,30188,9370,1555,29038.0,E,33755,16775,2,4.0,6.0,9,3,1,9.0,5
E01011307,4634,18806.0,9458.0,11721,14281,715,10837.0,E,33755,1001,2,6.0,3.0,4,5,1,4.0,1
E01011308,3486,28163.0,9458.0,18670,12092,1054,16141.0,E,33755,5557,2,9.0,3.0,6,4,1,5.0,2
E01011309,2872,3575.0,23805.0,24567,3027,3197,20402.0,E,33755,5417,1,2.0,8.0,8,1,1,7.0,2
E01011310,2519,5024.0,23805.0,23133,282,2464,24863.0,E,33755,6380,1,2.0,8.0,7,1,1,8.0,2
E01011311,2899,8752.0,27352.0,33338,2419,2478,30509.0,E,33755,27355,1,3.0,9.0,10,1,1,10.0,9
E01011312,31448,25387.0,949.0,217,24314,163,13.0,E,33755,7956,10,8.0,1.0,1,8,1,1.0,3
E01011313,20281,17707.0,6632.0,6854,23112,136,3624.0,E,33755,2039,7,6.0,2.0,3,7,1,2.0,1
E01011314,19424,14984.0,18707.0,7601,23727,99,5404.0,E,33755,3500,6,5.0,6.0,3,8,1,2.0,2
E01011315,23408,24598.0,17166.0,9466,21215,134,10469.0,E,33755,7346,7,8.0,6.0,3,7,1,4.0,3
E01011316,22976,18261.0,949.0,2028,23449,179,158.0,E,33755,1453,7,6.0,1.0,1,7,1,1.0,1
E01011317,24140,11059.0,949.0,1406,19607,28,9543.0,E,33755,1157,8,4.0,1.0,1,6,1,3.0,1
E01011318,23485,6825.0,949.0,1198,17024,109,4547.0,E,33755,350,7,3.0,1.0,1,6,1,2.0,1
E01011319,19914,11231.0,9458.0,8821,21201,259,7814.0,E,33755,1784,6,4.0,3.0,3,7,1,3.0,1
E01011320,23539,20934.0,9458.0,14467,17355,230,11849.0,E,33755,5200,7,7.0,3.0,5,6,1,4.0,2
E01011321,27514,11109.0,9458.0,4811,20544,31,2973.0,E,33755,2464,9,4.0,3.0,2,7,1,1.0,1
E01011322,19966,5302.0,9458.0,10520,20730,254,15592.0,E,33755,2525,6,2.0,3.0,4,7,1,5.0,1
E01011323,24840,27257.0,9458.0,7955,20796,698,17962.0,E,33755,9477,8,9.0,3.0,3,7,1,6.0,3
E01011324,24813,15474.0,6632.0,2128,18800,357,604.0,E,33755,1225,8,5.0,2.0,1,6,1,1.0,1
E01011325,15653,15248.0,18707.0,11737,17497,831,16624.0,E,33755,4252,5,5.0,6.0,4,6,1,5.0,2
E01011326,22043,21235.0,9458.0,3275,18993,583,5067.0,E,33755,2253,7,7.0,3.0,1,6,1,2.0,1
E01011327,9424,8183.0,18707.0,8150,22889,1517,15009.0,E,33755,2714,3,3.0,6.0,3,7,1,5.0,1
E01011328,18199,21491.0,9458.0,8548,29431,1201,13487.0,E,33755,7879,6,7.0,3.0,3,9,1,4.0,3
E01011329,16316,16971.0,18707.0,20995,21509,906,23895.0,E,33755,11701,5,6.0,6.0,7,7,1,8.0,4
E01011330,11770,11542.0,9458.0,11882,18594,1155,12568.0,E,33755,1475,4,4.0,3.0,4,6,1,4.0,1
E01011331,30328,28041.0,18707.0,10077,22336,692,13456.0,E,33755,15693,9,9.0,6.0,3,7,1,4.0,5
E01011332,28951,15826.0,9458.0,2714,20554,457,3668.0,E,33755,3675,9,5.0,3.0,1,7,1,2.0,2
E01011333,13982,24091.0,9458.0,8766,23368,1291,10872.0,E,33755,4202,5,8.0,3.0,3,7,1,4.0,2
E01011334,29949,30557.0,18707.0,7165,23723,824,5777.0,E,33755,15641,9,10.0,6.0,3,8,1,2.0,5
E01011335,25581,27596.0,18707.0,11912,29472,971,15612.0,E,33755,17096,8,9.0,6.0,4,9,1,5.0,6
E01011336,32655,24767.0,949.0,2297,21773,580,8677.0,E,33755,11278,10,8.0,1.0,1,7,1,3.0,4
E01011337,23389,21846.0,9458.0,1965,24608,992,1051.0,E,33755,3396,7,7.0,3.0,1,8,1,1.0,2
E01011338,28728,12031.0,949.0,781,29951,342,1533.0,E,33755,5336,9,4.0,1.0,1,9,1,1.0,2
E01011339,27479,17671.0,949.0,4790,17314,854,4593.0,E,33755,2263,9,6.0,1.0,2,6,1,2.0,1
E01011340,29440,21722.0,949.0,3264,24389,651,3924.0,E,33755,5679,9,7.0,1.0,1,8,1,2.0,2
E01011341,23607,15713.0,9458.0,10636,16703,1272,10612.0,E,33755,3089,7,5.0,3.0,4,5,1,4.0,1
E01011342,24217,21758.0,949.0,1688,19794,835,788.0,E,33755,1679,8,7.0,1.0,1,6,1,1.0,1
E01011343,23542,13139.0,9458.0,10945,16312,1447,18677.0,E,33755,4456,7,4.0,3.0,4,5,1,6.0,2
E01011344,32979,32996.0,9458.0,277,26201,482,141.0,E,33755,22426,10,10.0,3.0,1,8,1,1.0,7
E01011345,28826,18456.0,9458.0,4104,16417,1703,7074.0,E,33755,4125,9,6.0,3.0,2,5,1,3.0,2
E01011346,18303,10734.0,949.0,2588,19469,965,4524.0,E,33755,354,6,4.0,1.0,1,6,1,2.0,1
E01011347,31525,26272.0,9458.0,174,26190,503,240.0,E,33755,10759,10,8.0,3.0,1,8,1,1.0,4
E01011348,28668,17236.0,949.0,656,25813,554,907.0,E,33755,3748,9,6.0,1.0,1,8,1,1.0,2
E01011349,27538,16990.0,949.0,1068,26708,410,3250.0,E,33755,3800,9,6.0,1.0,1,8,1,1.0,2
E01011350,28117,15254.0,27352.0,22771,19022,374,25246.0,E,33755,20524,9,5.0,9.0,7,6,1,8.0,7
E01011351,27092,27325.0,30601.0,17180,18482,437,23493.0,E,33755,23216,9,9.0,10.0,6,6,1,7.0,7
E01011352,32774,26928.0,30601.0,12279,19742,320,14492.0,E,33755,24831,10,8.0,10.0,4,6,1,5.0,8
E01011353,24518,13044.0,27352.0,26605,20963,348,30922.0,E,33755,25674,8,4.0,9.0,8,7,1,10.0,8
E01011354,26021,18491.0,9458.0,2341,18898,321,1502.0,E,33755,2237,8,6.0,3.0,1,6,1,1.0,1
E01011355,21516,11789.0,9458.0,6810,20075,275,5616.0,E,33755,1477,7,4.0,3.0,3,6,1,2.0,1
E01011356,24204,15413.0,27352.0,11495,23411,213,12601.0,E,33755,10473,8,5.0,9.0,4,7,1,4.0,4
E01011357,16760,15379.0,949.0,901,25049,58,706.0,E,33755,680,5,5.0,1.0,1,8,1,1.0,1
E01011358,27293,11569.0,9458.0,3787,22515,177,4094.0,E,33755,2869,9,4.0,3.0,2,7,1,2.0,1
E01011359,20346,19026.0,6632.0,6611,25082,293,3328.0,E,33755,2716,7,6.0,2.0,2,8,1,1.0,1
E01011360,15798,25295.0,949.0,2197,26125,49,967.0,E,33755,2396,5,8.0,1.0,1,8,1,1.0,1
E01011361,18053,19728.0,949.0,990,26936,103,323.0,E,33755,1630,6,6.0,1.0,1,8,1,1.0,1
E01011362,24548,31043.0,9458.0,2239,20898,22,5089.0,E,33755,8207,8,10.0,3.0,1,7,1,2.0,3
E01011363,22785,18285.0,949.0,427,25640,88,2386.0,E,33755,1961,7,6.0,1.0,1,8,1,1.0,1
E01011364,27832,20555.0,949.0,2616,26242,66,5959.0,E,33755,5186,9,7.0,1.0,1,8,1,2.0,2
E01011366,15424,28489.0,949.0,749,23789,20,541.0,E,33755,2638,5,9.0,1.0,1,8,1,1.0,1
E01011368,15808,25542.0,949.0,181,25161,3,91.0,E,33755,1890,5,8.0,1.0,1,8,1,1.0,1
E01011369,20037,17373.0,949.0,7112,18644,144,12884.0,E,33755,1871,6,6.0,1.0,3,6,1,4.0,1
E01011370,17526,21087.0,9458.0,4334,24298,34,1720.0,E,33755,2202,6,7.0,3.0,2,8,1,1.0,1
E01011371,31079,22931.0,949.0,556,25433,120,3302.0,E,33755,7514,10,7.0,1.0,1,8,1,1.0,3
E01011372,28887,27544.0,949.0,143,24739,108,128.0,E,33755,6591,9,9.0,1.0,1,8,1,1.0,2
E01011373,21882,25550.0,949.0,1708,25225,41,1317.0,E,33755,3269,7,8.0,1.0,1,8,1,1.0,1
E01011374,33200,31924.0,9458.0,2301,25278,191,1146.0,E,33755,20764,10,10.0,3.0,1,8,1,1.0,7
E01011375,23374,20251.0,949.0,390,24147,105,67.0,E,33755,1796,7,6.0,1.0,1,8,1,1.0,1
E01011376,9242,13795.0,23805.0,31297,6600,1532,21681.0,E,33755,15804,3,5.0,8.0,10,2,1,7.0,5
E01011377,16509,24736.0,17166.0,26631,7975,1495,20400.0,E,33755,12433,5,8.0,6.0,8,3,1,7.0,4
E01011378,22093,9088.0,9458.0,3826,7454,1419,8593.0,E,33755,497,7,3.0,3.0,2,3,1,3.0,1
E01011379,22896,16321.0,9458.0,6470,9608,1249,13307.0,E,33755,1969,7,5.0,3.0,2,3,1,4.0,1
E01011380,10257,5007.0,23805.0,28079,7707,957,31959.0,E,33755,20234,4,2.0,8.0,9,3,1,10.0,6
E01011381,16190,16822.0,27352.0,26254,6433,1285,30620.0,E,33755,21112,5,5.0,9.0,8,2,1,10.0,7
E01011382,8438,11981.0,18707.0,30739,9201,1473,33290.0,E,33755,26639,3,4.0,6.0,10,3,1,10.0,8
E01011383,19006,14669.0,18707.0,17009,9528,1049,19878.0,E,33755,5791,6,5.0,6.0,6,3,1,6.0,2
E01011384,14823,13841.0,18707.0,16255,10086,1361,17928.0,E,33755,4048,5,5.0,6.0,5,3,1,6.0,2
E01011385,6346,5917.0,23805.0,25151,7414,735,29739.0,E,33755,13150,2,2.0,8.0,8,3,1,9.0,4
E01011386,12370,16087.0,27352.0,28623,8922,865,28271.0,E,33755,19617,4,5.0,9.0,9,3,1,9.0,6
E01011388,13943,10411.0,18707.0,15178,11321,1119,29018.0,E,33755,9070,5,4.0,6.0,5,4,1,9.0,3
E01011390,4725,32162.0,9458.0,14194,5949,2197,12954.0,E,33755,6971,2,10.0,3.0,5,2,1,4.0,3
E01011391,5056,26730.0,16498.0,16860,5659,2279,14687.0,E,33755,4513,2,8.0,5.0,5,2,1,5.0,2
E01011392,3471,9550.0,16498.0,18970,8050,1512,21979.0,E,33755,3237,2,3.0,5.0,6,3,1,7.0,1
E01011393,3801,24582.0,23805.0,25699,8952,1165,24620.0,E,33755,13709,2,8.0,8.0,8,3,1,8.0,5
E01011394,4779,23387.0,17166.0,21104,11713,922,22183.0,E,33755,7811,2,7.0,6.0,7,4,1,7.0,3
E01011395,4510,9108.0,27352.0,23936,7684,706,22564.0,E,33755,8904,2,3.0,9.0,8,3,1,7.0,3
E01011396,23592,31609.0,18707.0,14279,7902,2411,18186.0,E,33755,14452,7,10.0,6.0,5,3,1,6.0,5
E01011397,21809,10183.0,18707.0,22982,7532,2344,25440.0,E,33755,10686,7,4.0,6.0,7,3,1,8.0,4
E01011398,19457,6244.0,27352.0,31134,6649,2390,32888.0,E,33755,28531,6,2.0,9.0,10,2,1,10.0,9
E01011399,14153,18380.0,17166.0,18686,7358,2381,20755.0,E,33755,5897,5,6.0,6.0,6,3,1,7.0,2
E01011400,28716,17386.0,17166.0,14623,7959,2412,16351.0,E,33755,8154,9,6.0,6.0,5,3,1,5.0,3
E01011401,14628,13762.0,23805.0,28238,7591,2185,29761.0,E,33755,19058,5,5.0,8.0,9,3,1,9.0,6
E01011402,10336,14236.0,16498.0,21649,6677,2340,24838.0,E,33755,7007,4,5.0,5.0,7,2,1,8.0,3
E01011403,21060,21498.0,16498.0,18114,8973,2304,27024.0,E,33755,11998,7,7.0,5.0,6,3,1,9.0,4
E01011404,11555,9243.0,23805.0,27885,6560,2116,32605.0,E,33755,22690,4,3.0,8.0,9,2,1,10.0,7
E01011405,11171,20334.0,16498.0,23904,8171,2117,32359.0,E,33755,19728,4,7.0,5.0,8,3,1,10.0,6
E01011406,27805,5953.0,18707.0,25385,14528,1916,28568.0,E,33755,18377,9,2.0,6.0,8,5,1,9.0,6
E01011407,17575,9822.0,9458.0,16127,11618,2042,17890.0,E,33755,2799,6,3.0,3.0,5,4,1,6.0,1
E01011408,29386,5628.0,16498.0,14992,15073,1884,28694.0,E,33755,14564,9,2.0,5.0,5,5,1,9.0,5
E01011409,26996,7591.0,18707.0,14696,14003,1984,14808.0,E,33755,6150,8,3.0,6.0,5,5,1,5.0,2
E01011410,13720,2737.0,17166.0,26188,6867,2865,31951.0,E,33755,17025,5,1.0,6.0,8,3,1,10.0,6
E01011411,24888,8862.0,23805.0,27756,6829,3155,24126.0,E,33755,16120,8,3.0,8.0,9,3,1,8.0,5
E01011412,21307,5165.0,16498.0,21710,12962,2149,27959.0,E,33755,11469,7,2.0,5.0,7,4,1,9.0,4
E01011413,21989,10269.0,27352.0,23763,16286,1709,28942.0,E,33755,19642,7,4.0,9.0,8,5,1,9.0,6
E01011414,18198,15646.0,18707.0,23087,12731,1962,27380.0,E,33755,13194,6,5.0,6.0,7,4,1,9.0,4
E01011415,24916,20030.0,18707.0,17395,13795,1548,20161.0,E,33755,10162,8,6.0,6.0,6,5,1,6.0,4
E01011416,17654,12719.0,18707.0,19994,14123,1773,16955.0,E,33755,6012,6,4.0,6.0,6,5,1,6.0,2
E01011417,21388,14161.0,16498.0,16184,12221,1628,21746.0,E,33755,6803,7,5.0,5.0,5,4,1,7.0,3
E01011418,20744,6033.0,18707.0,23512,7595,2871,32871.0,E,33755,21212,7,2.0,6.0,7,3,1,10.0,7
E01011419,17778,3703.0,23805.0,31044,9015,2728,29308.0,E,33755,21441,6,2.0,8.0,10,3,1,9.0,7
E01011420,14027,4451.0,16498.0,24888,9959,1827,31566.0,E,33755,15666,5,2.0,5.0,8,3,1,10.0,5
E01011421,16737,26760.0,9458.0,7771,15807,902,6800.0,E,33755,3069,5,8.0,3.0,3,5,1,3.0,1
E01011422,23661,27892.0,9458.0,3037,26396,298,159.0,E,33755,6533,8,9.0,3.0,1,8,1,1.0,2
E01011423,21580,19760.0,9458.0,6089,17340,816,3655.0,E,33755,1826,7,6.0,3.0,2,6,1,2.0,1
E01011424,27436,23666.0,9458.0,9187,22688,631,2768.0,E,33755,6364,9,8.0,3.0,3,7,1,1.0,2
E01011425,13885,18258.0,18707.0,17331,14257,1081,18102.0,E,33755,5779,5,6.0,6.0,6,5,1,6.0,2
E01011426,17206,19224.0,949.0,1902,26675,218,98.0,E,33755,1450,6,6.0,1.0,1,8,1,1.0,1
E01011427,30887,17348.0,949.0,1789,26323,433,374.0,E,33755,5908,10,6.0,1.0,1,8,1,1.0,2
E01011428,27159,27122.0,949.0,3716,26920,302,138.0,E,33755,6884,9,9.0,1.0,2,8,1,1.0,3
E01011429,19997,20084.0,949.0,1059,27146,217,154.0,E,33755,2049,6,6.0,1.0,1,9,1,1.0,1
E01011430,31264,22172.0,949.0,3010,26794,364,71.0,E,33755,8105,10,7.0,1.0,1,8,1,1.0,3
E01011431,29804,21190.0,949.0,2343,23239,650,1825.0,E,33755,4940,9,7.0,1.0,1,7,1,1.0,2
E01011432,33038,31714.0,949.0,669,26842,397,50.0,E,33755,18862,10,10.0,1.0,1,8,1,1.0,6
E01011433,32072,32521.0,9458.0,272,26968,370,9.0,E,33755,19232,10,10.0,3.0,1,8,1,1.0,6
E01011434,29380,28501.0,9458.0,642,27080,309,8.0,E,33755,10128,9,9.0,3.0,1,9,1,1.0,4
E01011435,28589,24348.0,31672.0,23377,17788,5,5026.0,E,33755,21098,9,8.0,10.0,7,6,1,2.0,7
E01011440,30557,24423.0,31672.0,18181,18378,1,8236.0,E,33755,21539,10,8.0,10.0,6,6,1,3.0,7
E01011441,21289,22417.0,31672.0,13008,22452,24,3569.0,E,33755,13810,7,7.0,10.0,4,7,1,2.0,5
E01011442,19511,32208.0,31672.0,16120,22306,36,5216.0,E,33755,22180,6,10.0,10.0,5,7,1,2.0,7
E01011443,14517,23827.0,31672.0,13472,23229,119,4385.0,E,33755,13123,5,8.0,10.0,4,7,1,2.0,4
E01011444,13442,28326.0,31672.0,11217,24736,124,1505.0,E,33755,14964,4,9.0,10.0,4,8,1,1.0,5
E01011445,14068,33468.0,31672.0,20661,24502,54,2442.0,E,33755,26101,5,10.0,10.0,7,8,1,1.0,8
E01011446,18534,32045.0,31672.0,14417,23831,45,2162.0,E,33755,21180,6,10.0,10.0,5,8,1,1.0,7
E01011447,19094,28146.0,31672.0,11093,24690,21,1198.0,E,33755,16156,6,9.0,10.0,4,8,1,1.0,5
E01011448,13595,27082.0,31672.0,6783,25246,70,898.0,E,33755,13189,5,9.0,10.0,3,8,1,1.0,4
E01011449,16274,26759.0,31672.0,5149,25016,27,1462.0,E,33755,13237,5,8.0,10.0,2,8,1,1.0,4
E01011450,26915,14491.0,18707.0,7767,19471,138,15064.0,E,33755,6701,8,5.0,6.0,3,6,1,5.0,2
E01011451,27802,11828.0,31672.0,18871,19650,12,10526.0,E,33755,16688,9,4.0,10.0,6,6,1,4.0,5
E01011452,13170,14804.0,27352.0,30802,17253,1076,18392.0,E,33755,18437,4,5.0,9.0,10,6,1,6.0,6
E01011453,14326,13201.0,27352.0,26058,18012,1007,19209.0,E,33755,13542,5,4.0,9.0,8,6,1,6.0,5
E01011454,17490,25171.0,27352.0,28362,19007,1182,15944.0,E,33755,19277,6,8.0,9.0,9,6,1,5.0,6
E01011455,11897,4741.0,27352.0,32983,9961,634,20150.0,E,33755,21289,4,2.0,9.0,10,3,1,6.0,7
E01011456,12124,14230.0,23805.0,30273,11445,869,32136.0,E,33755,25031,4,5.0,8.0,9,4,1,10.0,8
E01011457,6861,14121.0,27352.0,30379,10618,209,16774.0,E,33755,14116,3,5.0,9.0,9,4,1,5.0,5
E01011458,10274,11658.0,23805.0,32483,11231,569,22683.0,E,33755,19782,4,4.0,8.0,10,4,1,7.0,6
E01011459,18380,22348.0,27352.0,21737,16385,1126,28584.0,E,33755,20067,6,7.0,9.0,7,5,1,9.0,6
E01011460,18263,15762.0,27352.0,16936,17115,1222,18837.0,E,33755,10257,6,5.0,9.0,6,6,1,6.0,4
E01011461,19227,8191.0,23805.0,31745,16788,840,22299.0,E,33755,20195,6,3.0,8.0,10,5,1,7.0,6
E01011462,23178,17278.0,18707.0,12100,18585,1131,13284.0,E,33755,6081,7,6.0,6.0,4,6,1,4.0,2
E01011463,14632,20576.0,9458.0,9346,16635,1097,14058.0,E,33755,2605,5,7.0,3.0,3,5,1,5.0,1
E01011464,9392,23343.0,27352.0,24203,15625,984,27004.0,E,33755,18095,3,7.0,9.0,8,5,1,8.0,6
E01011465,19888,18526.0,18707.0,12074,19422,1125,17207.0,E,33755,6636,6,6.0,6.0,4,6,1,6.0,2
E01011466,22768,8145.0,949.0,4800,12876,1029,8810.0,E,33755,489,7,3.0,1.0,2,4,1,3.0,1
E01011467,31186,13328.0,949.0,3317,25012,463,16244.0,E,33755,8462,10,4.0,1.0,1,8,1,5.0,3
E01011468,23684,11519.0,949.0,2095,21699,712,8581.0,E,33755,1383,8,4.0,1.0,1,7,1,3.0,1
E01011469,9331,4837.0,9458.0,14786,12865,969,22731.0,E,33755,2268,3,2.0,3.0,5,4,1,7.0,1
E01011470,10851,8344.0,9458.0,6161,12770,1306,9116.0,E,33755,226,4,3.0,3.0,2,4,1,3.0,1
E01011471,22734,15550.0,949.0,1137,21352,412,4106.0,E,33755,1070,7,5.0,1.0,1,7,1,2.0,1
E01011472,13987,24137.0,949.0,1413,19686,511,4086.0,E,33755,969,5,8.0,1.0,1,6,1,2.0,1
E01011473,8774,11101.0,949.0,875,16101,632,2127.0,E,33755,23,3,4.0,1.0,1,5,1,1.0,1
E01011474,8610,7451.0,949.0,1269,15400,785,3329.0,E,33755,14,3,3.0,1.0,1,5,1,1.0,1
E01011475,14778,5589.0,9458.0,2045,13123,844,4809.0,E,33755,90,5,2.0,3.0,1,4,1,2.0,1
E01011476,15212,5158.0,949.0,2837,12280,1028,5343.0,E,33755,33,5,2.0,1.0,1,4,1,2.0,1
E01011477,28100,18318.0,6632.0,7456,17078,84,9335.0,E,33755,4137,9,6.0,2.0,3,6,1,3.0,2
E01011478,26800,27323.0,30601.0,6999,21410,2,3235.0,E,33755,15263,8,9.0,10.0,3,7,1,1.0,5
E01011479,23245,17418.0,31672.0,13165,22479,17,3224.0,E,33755,12961,7,6.0,10.0,4,7,1,1.0,4
E01011480,23247,21323.0,18707.0,19255,19577,13,22020.0,E,33755,12651,7,7.0,6.0,6,6,1,7.0,4
E01011481,22743,26111.0,31672.0,4833,24364,14,1583.0,E,33755,14532,7,8.0,10.0,2,8,1,1.0,5
E01011482,31322,27139.0,30601.0,10373,21552,7,7280.0,E,33755,20944,10,9.0,10.0,4,7,1,3.0,7
E01011483,26288,26988.0,6632.0,2386,24459,9,1707.0,E,33755,5955,8,8.0,2.0,1,8,1,1.0,2
E01011484,8537,22998.0,949.0,3089,12258,584,2824.0,E,33755,205,3,7.0,1.0,1,4,1,1.0,1
E01011485,14510,12901.0,9458.0,5481,12576,422,9763.0,E,33755,487,5,4.0,3.0,2,4,1,3.0,1
E01011488,27211,13732.0,30601.0,7450,14430,183,9145.0,E,33755,9990,9,5.0,10.0,3,5,1,3.0,3
E01011489,21371,16653.0,6632.0,6360,14495,156,11568.0,E,33755,1633,7,5.0,2.0,2,5,1,4.0,1
E01011491,20740,12806.0,949.0,1927,17722,489,2891.0,E,33755,370,7,4.0,1.0,1,6,1,1.0,1
E01011492,23484,20230.0,949.0,1955,12146,949,2234.0,E,33755,742,7,6.0,1.0,1,4,1,1.0,1
E01011493,18196,8324.0,949.0,1691,17773,384,2527.0,E,33755,127,6,3.0,1.0,1,6,1,1.0,1
E01011494,25817,28787.0,949.0,4010,12597,721,4174.0,E,33755,3955,8,9.0,1.0,2,4,1,2.0,2
E01011496,8188,12504.0,27352.0,30144,7808,1615,33336.0,E,33755,28273,3,4.0,9.0,9,3,1,10.0,9
E01011497,20326,27148.0,949.0,1414,17032,678,2387.0,E,33755,1922,7,9.0,1.0,1,6,1,1.0,1
E01011500,5800,19511.0,17166.0,18939,8529,2159,27706.0,E,33755,8940,2,6.0,6.0,6,3,1,9.0,3
E01011502,18569,5663.0,949.0,9338,10996,1197,12832.0,E,33755,457,6,2.0,1.0,3,4,1,4.0,1
E01011504,17083,11368.0,9458.0,2900,16288,617,6552.0,E,33755,469,6,4.0,3.0,1,5,1,2.0,1
E01011505,19183,6798.0,18707.0,15735,13130,675,18570.0,E,33755,4330,6,3.0,6.0,5,4,1,6.0,2
E01011506,20790,9475.0,6632.0,19904,15656,679,22918.0,E,33755,6330,7,3.0,2.0,6,5,1,7.0,2
E01011507,23706,19671.0,18707.0,22601,18313,465,28057.0,E,33755,17660,8,6.0,6.0,7,6,1,9.0,6
E01011508,13290,17667.0,30601.0,25064,12285,1147,26496.0,E,33755,19274,4,6.0,10.0,8,4,1,8.0,6
E01011509,20682,13105.0,23805.0,15843,11853,1146,32572.0,E,33755,20374,7,4.0,8.0,5,4,1,10.0,7
E01011510,23721,12149.0,949.0,2476,12494,996,9391.0,E,33755,664,8,4.0,1.0,1,4,1,3.0,1
E01011511,21684,15711.0,18707.0,16899,14104,973,25681.0,E,33755,10412,7,5.0,6.0,6,5,1,8.0,4
E01011512,28187,19978.0,27352.0,18423,13068,1019,17186.0,E,33755,14793,9,6.0,9.0,6,4,1,6.0,5
E01011513,16994,7099.0,27352.0,23701,10465,413,31638.0,E,33755,20278,6,3.0,9.0,8,4,1,10.0,7
E01011514,26153,10250.0,27352.0,26823,13148,901,25840.0,E,33755,19917,8,4.0,9.0,8,4,1,8.0,6
E01011515,21884,17429.0,27352.0,23270,15722,724,27276.0,E,33755,18968,7,6.0,9.0,7,5,1,9.0,6
E01011516,21502,19693.0,27352.0,26506,16282,703,31501.0,E,33755,25869,7,6.0,9.0,8,5,1,10.0,8
E01011517,12299,16399.0,27352.0,14826,14352,789,17016.0,E,33755,7103,4,5.0,9.0,5,5,1,6.0,3
E01011518,18255,18536.0,18707.0,17093,20496,23,22353.0,E,33755,9735,6,6.0,6.0,6,7,1,7.0,3
E01011519,6437,8546.0,9458.0,10849,16096,1522,13285.0,E,33755,677,2,3.0,3.0,4,5,1,4.0,1
E01011520,6627,8713.0,17166.0,25010,12938,1540,28117.0,E,33755,10651,2,3.0,6.0,8,4,1,9.0,4
E01011521,7522,27625.0,18707.0,20691,15892,1368,19107.0,E,33755,10200,3,9.0,6.0,7,5,1,6.0,4
E01011522,7443,18265.0,23805.0,27406,20304,1003,30309.0,E,33755,21307,3,6.0,8.0,9,7,1,9.0,7
E01011523,11541,24058.0,17166.0,11508,20622,1174,18320.0,E,33755,6732,4,8.0,6.0,4,7,1,6.0,2
E01011524,12386,28645.0,18707.0,19722,19172,106,20268.0,E,33755,12621,4,9.0,6.0,6,6,1,7.0,4
E01011525,24975,18273.0,18707.0,16522,31018,479,17722.0,E,33755,16649,8,6.0,6.0,5,10,1,6.0,5
E01011526,9153,8979.0,27352.0,31430,21459,250,29904.0,E,33755,25344,3,3.0,9.0,10,7,1,9.0,8
E01011527,8861,12884.0,17166.0,26232,18276,1180,29999.0,E,33755,16226,3,4.0,6.0,8,6,1,9.0,5
E01011528,14034,10381.0,27352.0,27782,28269,368,32762.0,E,33755,28986,5,4.0,9.0,9,9,1,10.0,9
E01011529,13886,17497.0,9458.0,13330,18328,1135,11815.0,E,33755,2480,5,6.0,3.0,4,6,1,4.0,1
E01011530,17922,18685.0,18707.0,20340,29420,757,26712.0,E,33755,18607,6,6.0,6.0,7,9,1,8.0,6
E01011531,17220,11483.0,16498.0,20257,28901,235,31687.0,E,33755,21796,6,4.0,5.0,7,9,1,10.0,7
E01011532,17498,20855.0,9458.0,8863,29121,726,12198.0,E,33755,6896,6,7.0,3.0,3,9,1,4.0,3
E01011533,26715,15809.0,18707.0,9751,31670,451,11894.0,E,33755,14138,8,5.0,6.0,3,10,1,4.0,5
E01011534,24849,13114.0,18707.0,19584,29440,705,18941.0,E,33755,15128,8,4.0,6.0,6,9,1,6.0,5
E01011535,4831,14998.0,23805.0,29355,14791,1452,29530.0,E,33755,19707,2,5.0,8.0,9,5,1,9.0,6
E01011536,4115,7356.0,17166.0,24600,11720,1640,22758.0,E,33755,6132,2,3.0,6.0,8,4,1,7.0,2
E01011537,4686,16853.0,17166.0,16093,9551,1582,18435.0,E,33755,3008,2,5.0,6.0,5,3,1,6.0,1
E01011538,5595,28541.0,9458.0,11247,13154,1208,9053.0,E,33755,2954,2,9.0,3.0,4,4,1,3.0,1
E01011540,11060,16714.0,9458.0,8223,19994,493,11797.0,E,33755,1573,4,5.0,3.0,3,6,1,4.0,1
E01011541,30023,13870.0,9458.0,6020,33369,594,16162.0,E,33755,19684,9,5.0,3.0,2,10,1,5.0,6
E01011545,28114,6925.0,18707.0,13535,31814,828,12410.0,E,33755,14821,9,3.0,6.0,5,10,1,4.0,5
E01011546,26343,6261.0,9458.0,11833,28897,725,13239.0,E,33755,7714,8,2.0,3.0,4,9,1,4.0,3
E01011547,24117,5183.0,9458.0,8978,30206,743,14581.0,E,33755,7419,8,2.0,3.0,3,9,1,5.0,3
E01011548,6331,15280.0,17166.0,20641,16011,1231,20290.0,E,33755,5783,2,5.0,6.0,7,5,1,7.0,2
E01011549,4814,8532.0,27352.0,33732,18670,1093,29921.0,E,33755,30273,2,3.0,9.0,10,6,1,9.0,9
E01011550,7495,6460.0,27352.0,27724,19059,989,30437.0,E,33755,20855,3,2.0,9.0,9,6,1,10.0,7
E01011551,5998,5546.0,27352.0,20803,8305,1416,17271.0,E,33755,5375,2,2.0,9.0,7,3,1,6.0,2
E01011552,5136,27289.0,9458.0,8149,15906,1216,6235.0,E,33755,1954,2,9.0,3.0,3,5,1,2.0,1
E01011553,4579,13208.0,18707.0,25062,17569,1115,24748.0,E,33755,10039,2,4.0,6.0,8,6,1,8.0,3
E01011554,10233,12325.0,27352.0,30160,6016,1451,28959.0,E,33755,20567,4,4.0,9.0,9,2,1,9.0,7
E01011555,12312,13425.0,27352.0,26529,9345,1395,31413.0,E,33755,21603,4,4.0,9.0,8,3,1,10.0,7
E01011556,19441,5299.0,27352.0,17355,10170,1305,21552.0,E,33755,8522,6,2.0,9.0,6,4,1,7.0,3
E01011557,13252,16069.0,27352.0,19699,8963,1466,25875.0,E,33755,12140,4,5.0,9.0,6,3,1,8.0,4
E01011558,19468,11460.0,9458.0,5140,10200,1276,8909.0,E,33755,573,6,4.0,3.0,2,4,1,3.0,1
E01011559,24734,9239.0,9458.0,4679,10540,877,4717.0,E,33755,731,8,3.0,3.0,2,4,1,2.0,1
E01011560,20036,4791.0,9458.0,4481,8864,803,7144.0,E,33755,232,6,2.0,3.0,2,3,1,3.0,1
E01011561,2660,2302.0,21844.0,30736,2701,2322,25099.0,E,33755,12330,1,1.0,7.0,10,1,1,8.0,4
E01011562,6301,6979.0,27352.0,31912,6248,1720,31566.0,E,33755,25336,2,3.0,9.0,10,2,1,10.0,8
E01011563,6889,8869.0,27352.0,31233,6363,1569,23125.0,E,33755,16890,3,3.0,9.0,10,2,1,7.0,6
E01011564,7339,9947.0,27352.0,32020,7411,1334,21337.0,E,33755,18186,3,3.0,9.0,10,3,1,7.0,6
E01011565,11697,12277.0,27352.0,28312,8691,1489,30347.0,E,33755,20860,4,4.0,9.0,9,3,1,9.0,7
E01011566,6083,9566.0,27352.0,24282,5992,1641,30607.0,E,33755,16356,2,3.0,9.0,8,2,1,10.0,5
E01011567,11823,15898.0,27352.0,28436,8978,1133,29110.0,E,33755,20209,4,5.0,9.0,9,3,1,9.0,6
E01011568,8464,5590.0,27352.0,22022,8267,1504,25802.0,E,33755,10019,3,2.0,9.0,7,3,1,8.0,3
E01011569,30031,19652.0,21844.0,17663,32355,8,22592.0,E,33755,25244,9,6.0,7.0,6,10,1,7.0,8
E01011570,2861,17022.0,14568.0,28495,10241,1218,24923.0,E,33755,10948,1,6.0,5.0,9,4,1,8.0,4
E01011571,26290,14961.0,8599.0,18906,30224,61,22877.0,E,33755,16286,8,5.0,3.0,6,9,1,7.0,5
E01011572,29342,13920.0,21844.0,25911,31282,38,25243.0,E,33755,26227,9,5.0,7.0,8,10,1,8.0,8
E01011573,10859,19914.0,13499.0,24064,12912,299,17617.0,E,33755,6603,4,6.0,4.0,8,4,1,6.0,2
E01011574,32293,15426.0,8599.0,14177,32732,6,18968.0,E,33755,23282,10,5.0,3.0,5,10,1,6.0,7
E01011576,3432,9681.0,14568.0,32694,7012,2312,29418.0,E,33755,20960,2,3.0,5.0,10,3,1,9.0,7
E01011578,20673,9507.0,17166.0,18301,13316,143,23983.0,E,33755,7599,7,3.0,6.0,6,4,1,8.0,3
E01011579,13140,7350.0,27352.0,24091,13226,46,22079.0,E,33755,10815,4,3.0,9.0,8,4,1,7.0,4
E01011580,10979,11990.0,23805.0,26330,12533,94,32169.0,E,33755,21313,4,4.0,8.0,8,4,1,10.0,7
E01011581,12936,1952.0,8599.0,23729,28538,161,20497.0,E,33755,9083,4,1.0,3.0,8,9,1,7.0,3
E01011582,11068,1182.0,4068.0,7887,27657,219,9105.0,E,33755,1139,4,1.0,2.0,3,9,1,3.0,1
E01011583,14264,3928.0,14568.0,24809,29242,126,20550.0,E,33755,12042,5,2.0,5.0,8,9,1,7.0,4
E01011584,25255,7275.0,14568.0,24725,31173,55,26068.0,E,33755,21286,8,3.0,5.0,8,10,1,8.0,7
E01011585,26296,16294.0,9458.0,11554,31257,530,14826.0,E,33755,12564,8,5.0,3.0,4,10,1,5.0,4
E01011586,17176,14740.0,18707.0,17353,23702,100,20695.0,E,33755,9062,6,5.0,6.0,6,8,1,7.0,3
E01011587,28419,19482.0,27352.0,20245,32100,660,18726.0,E,33755,25214,9,6.0,9.0,6,10,1,6.0,8
E01011588,7013,4432.0,18707.0,25185,27562,603,25592.0,E,33755,13544,3,2.0,6.0,8,9,1,8.0,5
E01011589,10659,5244.0,27352.0,24471,14244,403,27317.0,E,33755,13894,4,2.0,9.0,8,5,1,9.0,5
E01011590,15209,9567.0,23805.0,28602,16256,162,32217.0,E,33755,24130,5,3.0,8.0,9,5,1,10.0,8
E01011591,7325,5910.0,27352.0,22731,19702,1257,26131.0,E,33755,13060,3,2.0,9.0,7,6,1,8.0,4
E01011592,12268,28860.0,18707.0,15363,30906,623,23169.0,E,33755,19529,4,9.0,6.0,5,10,1,7.0,6
E01011593,12581,16668.0,23805.0,30552,29675,1042,29431.0,E,33755,27225,4,5.0,8.0,10,9,1,9.0,9
E01011594,17994,22363.0,9458.0,10417,31809,591,9019.0,E,33755,10249,6,7.0,3.0,4,10,1,3.0,4
E01011595,13203,9532.0,6632.0,21383,28116,316,26091.0,E,33755,11590,4,3.0,2.0,7,9,1,8.0,4
E01011596,26330,13978.0,18707.0,25053,31567,863,30340.0,E,33755,27376,8,5.0,6.0,8,10,1,9.0,9
E01011597,22755,11770.0,18707.0,15052,24241,116,12008.0,E,33755,6863,7,4.0,6.0,5,8,1,4.0,3
E01011598,25224,25803.0,18707.0,22346,33051,639,17134.0,E,33755,25196,8,8.0,6.0,7,10,1,6.0,8
E01011599,17805,15191.0,18707.0,19579,28760,335,23541.0,E,33755,14531,6,5.0,6.0,6,9,1,7.0,5
E01011600,8431,15136.0,18707.0,18185,30449,855,26870.0,E,33755,15977,3,5.0,6.0,6,10,1,8.0,5
E01011601,6527,10041.0,9458.0,13904,23527,1101,13107.0,E,33755,2058,2,3.0,3.0,5,7,1,4.0,1
E01011602,16413,25735.0,17166.0,13660,30036,502,20929.0,E,33755,15293,5,8.0,6.0,5,9,1,7.0,5
E01011603,7528,25474.0,18707.0,23813,27928,658,21675.0,E,33755,16412,3,8.0,6.0,8,9,1,7.0,5
E01011604,9081,21256.0,18707.0,19250,29928,716,25616.0,E,33755,16716,3,7.0,6.0,6,9,1,8.0,5
E01011605,11913,15173.0,18707.0,23104,28190,408,27038.0,E,33755,16805,4,5.0,6.0,7,9,1,9.0,5
E01011606,11178,3493.0,18707.0,15681,19190,89,14827.0,E,33755,2744,4,2.0,6.0,5,6,1,5.0,1
E01011607,6544,18335.0,18707.0,17088,28150,918,18940.0,E,33755,9536,2,6.0,6.0,6,9,1,6.0,3
E01011608,24562,17575.0,9458.0,9678,24350,931,11594.0,E,33755,5718,8,6.0,3.0,3,8,1,4.0,2
E01011609,20594,21353.0,9458.0,7585,29021,1098,10253.0,E,33755,7144,7,7.0,3.0,3,9,1,4.0,3
E01011610,18608,20167.0,18707.0,17482,31918,885,21288.0,E,33755,18178,6,6.0,6.0,6,10,1,7.0,6
E01011611,20039,23007.0,949.0,4676,28656,1084,7320.0,E,33755,5044,6,7.0,1.0,2,9,1,3.0,2
E01011612,18459,30892.0,949.0,7358,32667,694,18024.0,E,33755,18782,6,10.0,1.0,3,10,1,6.0,6
E01011613,12666,21525.0,18707.0,12950,22457,268,13942.0,E,33755,5965,4,7.0,6.0,4,7,1,5.0,2
E01011614,12483,16743.0,18707.0,19714,29949,1023,24253.0,E,33755,15392,4,5.0,6.0,6,9,1,8.0,5
E01011615,26120,31024.0,9458.0,8527,24345,688,7385.0,E,33755,12129,8,10.0,3.0,3,8,1,3.0,4
E01011616,20998,14445.0,949.0,3090,17274,1281,2600.0,E,33755,494,7,5.0,1.0,1,6,1,1.0,1
E01011617,17588,8893.0,9458.0,3473,21893,880,3104.0,E,33755,666,6,3.0,3.0,2,7,1,1.0,1
E01011618,22303,27218.0,9458.0,1908,25475,600,1806.0,E,33755,5395,7,9.0,3.0,1,8,1,1.0,2
E01011620,21151,6868.0,9458.0,4337,15571,1406,2201.0,E,33755,429,7,3.0,3.0,2,5,1,1.0,1
E01011621,11989,8576.0,9458.0,4117,19358,988,2809.0,E,33755,243,4,3.0,3.0,2,6,1,1.0,1
E01011622,13811,9392.0,949.0,721,19950,1048,1180.0,E,33755,84,5,3.0,1.0,1,6,1,1.0,1
E01011623,17753,17223.0,949.0,328,25857,566,592.0,E,33755,1059,6,6.0,1.0,1,8,1,1.0,1
E01011624,13725,4996.0,949.0,566,15626,1301,1377.0,E,33755,17,5,2.0,1.0,1,5,1,1.0,1
E01011625,11486,10244.0,9458.0,169,24049,738,449.0,E,33755,360,4,4.0,3.0,1,8,1,1.0,1
E01011626,16171,9631.0,9458.0,812,26375,595,4506.0,E,33755,1196,5,3.0,3.0,1,8,1,2.0,1
E01011627,19520,9168.0,9458.0,10104,8058,2122,12778.0,E,33755,1049,6,3.0,3.0,3,3,1,4.0,1
E01011628,17996,15961.0,16498.0,25332,9249,2218,30674.0,E,33755,17345,6,5.0,5.0,8,3,1,10.0,6
E01011629,26756,19531.0,9458.0,13135,8595,2108,16787.0,E,33755,5809,8,6.0,3.0,4,3,1,5.0,2
E01011630,11307,10241.0,18707.0,24769,7783,1571,28990.0,E,33755,12018,4,4.0,6.0,8,3,1,9.0,4
E01011632,21791,13090.0,9458.0,5252,8715,1807,8245.0,E,33755,812,7,4.0,3.0,2,3,1,3.0,1
E01011633,30410,18809.0,17166.0,18101,7988,2041,22540.0,E,33755,13726,10,6.0,6.0,6,3,1,7.0,5
E01011634,11640,10265.0,17166.0,14921,7803,1879,15588.0,E,33755,1927,4,4.0,6.0,5,3,1,5.0,1
E01011635,22084,6750.0,18707.0,18611,8445,1775,24186.0,E,33755,7632,7,2.0,6.0,6,3,1,8.0,3
E01011636,16855,13617.0,17166.0,19100,7626,1803,21398.0,E,33755,5787,5,5.0,6.0,6,3,1,7.0,2
E01011637,18126,18961.0,18707.0,22962,8908,1960,25166.0,E,33755,11578,6,6.0,6.0,7,3,1,8.0,4
E01011638,19848,17990.0,17166.0,20089,8708,2013,26360.0,E,33755,10802,6,6.0,6.0,6,3,1,8.0,4
E01011639,13574,12271.0,9458.0,9290,8610,2068,11891.0,E,33755,633,5,4.0,3.0,3,3,1,4.0,1
E01011641,13236,8783.0,27352.0,27059,13778,717,29992.0,E,33755,19757,4,3.0,9.0,9,5,1,9.0,6
E01011642,22044,19041.0,27352.0,23657,20986,487,27605.0,E,33755,21288,7,6.0,9.0,8,7,1,9.0,7
E01011643,13454,10385.0,27352.0,20300,15387,895,25045.0,E,33755,11876,4,4.0,9.0,7,5,1,8.0,4
E01011644,9053,7039.0,18707.0,12937,11863,1036,12813.0,E,33755,1268,3,3.0,6.0,4,4,1,4.0,1
E01011645,21407,13832.0,27352.0,21392,17404,647,16798.0,E,33755,11854,7,5.0,9.0,7,6,1,5.0,4
E01011646,14706,19435.0,18707.0,19430,16950,857,20709.0,E,33755,8442,5,6.0,6.0,6,6,1,7.0,3
E01011647,27921,13472.0,9458.0,13073,24266,455,6081.0,E,33755,6032,9,4.0,3.0,4,8,1,2.0,2
E01011648,22451,16750.0,6632.0,17914,21478,641,8666.0,E,33755,4841,7,5.0,2.0,6,7,1,3.0,2
E01011649,3815,24552.0,23805.0,33357,4565,1937,31274.0,E,33755,29588,2,8.0,8.0,10,2,1,10.0,9
E01011650,5104,11028.0,27352.0,25210,8743,1465,26880.0,E,33755,13162,2,4.0,9.0,8,3,1,8.0,4
E01011651,7016,7114.0,27352.0,17385,10246,1425,16789.0,E,33755,4759,3,3.0,9.0,6,4,1,5.0,2
E01011652,8209,22576.0,27352.0,20917,12381,1159,25199.0,E,33755,13806,3,7.0,9.0,7,4,1,8.0,5
E01011653,5669,19897.0,27352.0,19228,11364,1223,19663.0,E,33755,8792,2,6.0,9.0,6,4,1,6.0,3
E01011654,7882,12834.0,27352.0,32702,14223,882,17670.0,E,33755,20754,3,4.0,9.0,10,5,1,6.0,7
E01011655,7464,8944.0,27352.0,21599,12242,1043,30946.0,E,33755,16634,3,3.0,9.0,7,4,1,10.0,5
E01011656,9541,13211.0,9458.0,4575,12205,1506,6002.0,E,33755,175,3,4.0,3.0,2,4,1,2.0,1
E01011657,14331,19168.0,9458.0,3003,11490,1613,6298.0,E,33755,537,5,6.0,3.0,1,4,1,2.0,1
E01011658,10910,21155.0,949.0,585,12741,1293,2452.0,E,33755,142,4,7.0,1.0,1,4,1,1.0,1
E01011659,22838,11112.0,949.0,2091,12821,1562,5899.0,E,33755,386,7,4.0,1.0,1,4,1,2.0,1
E01011660,15069,12294.0,949.0,4056,13711,1354,5258.0,E,33755,139,5,4.0,1.0,2,5,1,2.0,1
E01011661,30998,15997.0,949.0,724,12350,1677,7036.0,E,33755,3253,10,5.0,1.0,1,4,1,3.0,1
E01011662,14054,9601.0,949.0,258,13074,1237,545.0,E,33755,18,5,3.0,1.0,1,4,1,1.0,1
E01011663,22565,15299.0,9458.0,1921,14441,1510,2570.0,E,33755,821,7,5.0,3.0,1,5,1,1.0,1
E01011664,21229,14045.0,949.0,3232,13055,1462,7838.0,E,33755,526,7,5.0,1.0,1,4,1,3.0,1
E01011665,30937,10889.0,9458.0,5609,15201,1692,9227.0,E,33755,4910,10,4.0,3.0,2,5,1,3.0,2
E01011666,29225,17978.0,18707.0,20097,16511,1689,21588.0,E,33755,14777,9,6.0,6.0,6,5,1,7.0,5
E01011667,22188,9378.0,949.0,355,14913,1441,699.0,E,33755,167,7,3.0,1.0,1,5,1,1.0,1
E01011668,13413,32556.0,31672.0,8256,23326,141,1007.0,E,33755,19248,4,10.0,10.0,3,7,1,1.0,6
E01011669,13130,22416.0,31672.0,8704,23414,92,3443.0,E,33755,10860,4,7.0,10.0,3,7,1,2.0,4
E01011670,13538,29152.0,6632.0,3365,25273,40,4187.0,E,33755,4618,5,9.0,2.0,1,8,1,2.0,2
E01011671,20766,21025.0,9458.0,2032,26872,4,1163.0,E,33755,3258,7,7.0,3.0,1,8,1,1.0,1
E01011673,24472,20443.0,9458.0,617,27312,169,24.0,E,33755,4024,8,7.0,3.0,1,9,1,1.0,2
E01011677,29731,25070.0,949.0,288,27234,266,149.0,E,33755,7296,9,8.0,1.0,1,9,1,1.0,3
E01011678,22353,26107.0,31672.0,14006,26926,223,4572.0,E,33755,18633,7,8.0,10.0,5,8,1,2.0,6
E01011681,16016,32328.0,6632.0,2255,25979,101,2590.0,E,33755,8888,5,10.0,2.0,1,8,1,1.0,3
E01011684,7633,16096.0,18707.0,19435,10163,649,19042.0,E,33755,4504,3,5.0,6.0,6,4,1,6.0,2
E01011685,10680,12324.0,30601.0,25986,10715,284,27621.0,E,33755,18645,4,4.0,10.0,8,4,1,9.0,6
E01011686,10248,14839.0,949.0,3107,12302,823,8598.0,E,33755,111,4,5.0,1.0,1,4,1,3.0,1
E01011687,6676,17746.0,27352.0,20128,9929,454,25329.0,E,33755,11119,2,6.0,9.0,6,3,1,8.0,4
E01011688,30037,23550.0,27352.0,16908,16637,262,24244.0,E,33755,20993,9,7.0,9.0,6,5,1,8.0,7
E01011689,30913,18287.0,18707.0,14103,15254,190,23415.0,E,33755,14960,10,6.0,6.0,5,5,1,7.0,5
E01011690,20529,20341.0,30601.0,22518,13851,110,27192.0,E,33755,21110,7,7.0,10.0,7,5,1,9.0,7
E01011691,32277,25071.0,6632.0,6180,16911,157,11655.0,E,33755,11244,10,8.0,2.0,2,6,1,4.0,4
E01011692,30537,16370.0,30601.0,19959,17459,65,27366.0,E,33755,24796,10,5.0,10.0,6,6,1,9.0,8
E01011693,31717,23101.0,30601.0,15749,18247,86,12915.0,E,33755,21428,10,7.0,10.0,5,6,1,4.0,7
E01011694,25015,12166.0,30601.0,20908,15827,43,14220.0,E,33755,14321,8,4.0,10.0,7,5,1,5.0,5
E01011695,12558,9818.0,9458.0,5041,11581,881,7072.0,E,33755,176,4,3.0,3.0,2,4,1,3.0,1
E01011696,3962,7129.0,14568.0,30291,11661,998,28497.0,E,33755,14517,2,3.0,5.0,9,4,1,9.0,5
E01011697,3509,4615.0,13499.0,22079,9964,1263,16753.0,E,33755,2053,2,2.0,4.0,7,3,1,5.0,1
E01011698,24120,14933.0,8599.0,24430,28208,50,25632.0,E,33755,17658,8,5.0,3.0,8,9,1,8.0,6
E01011699,18885,8984.0,14568.0,31869,19684,111,32892.0,E,33755,28374,6,3.0,5.0,10,6,1,10.0,9
E01011700,27578,7818.0,8599.0,22738,29255,47,30903.0,E,33755,23228,9,3.0,3.0,7,9,1,10.0,7
E01011701,24269,9132.0,14568.0,28345,30069,15,32157.0,E,33755,28070,8,3.0,5.0,9,9,1,10.0,9
E01011702,15804,7930.0,14568.0,33048,28892,76,23557.0,E,33755,25481,5,3.0,5.0,10,9,1,7.0,8
E01011703,9257,3726.0,14568.0,33569,27576,135,23177.0,E,33755,25746,3,2.0,5.0,10,9,1,7.0,8
E01011704,30312,22089.0,7408.0,16142,32181,19,25118.0,E,33755,23932,9,7.0,3.0,5,10,1,8.0,8
E01011705,25828,8462.0,4068.0,12778,31168,63,14757.0,E,33755,9869,8,3.0,2.0,4,10,1,5.0,3
E01011706,4752,8140.0,14568.0,32748,13750,747,20388.0,E,33755,15880,2,3.0,5.0,10,5,1,7.0,5
E01011707,4107,5665.0,7408.0,19887,11775,1083,22804.0,E,33755,2608,2,2.0,3.0,6,4,1,7.0,1
E01011708,1363,4983.0,14568.0,28720,5915,1754,23578.0,E,33755,7350,1,2.0,5.0,9,2,1,7.0,3
E01011709,3842,12678.0,14568.0,25397,14435,1158,29025.0,E,33755,11866,2,4.0,5.0,8,5,1,9.0,4
E01011710,2858,3620.0,14568.0,26338,5686,1551,30219.0,E,33755,10783,1,2.0,5.0,8,2,1,9.0,4
E01011711,3503,21011.0,14568.0,24862,13801,1270,25687.0,E,33755,10524,2,7.0,5.0,8,5,1,8.0,4
E01011712,2053,2586.0,14568.0,26922,5630,1942,17614.0,E,33755,3567,1,1.0,5.0,8,2,1,6.0,2
E01011713,1654,6204.0,21844.0,32868,3245,2047,16515.0,E,33755,14553,1,2.0,7.0,10,1,1,5.0,5
E01011714,7885,3366.0,17166.0,22301,8378,1954,30608.0,E,33755,10823,3,1.0,6.0,7,3,1,10.0,4
E01011715,4812,8857.0,23805.0,28668,2180,2917,29961.0,E,33755,16334,2,3.0,8.0,9,1,1,9.0,5
E01011716,6784,14672.0,18707.0,22686,10485,1737,24146.0,E,33755,7647,3,5.0,6.0,7,4,1,8.0,3
E01011717,8646,4579.0,9458.0,11387,10728,1820,20606.0,E,33755,1141,3,2.0,3.0,4,4,1,7.0,1
E01011718,12681,2797.0,9458.0,9432,8272,1911,14735.0,E,33755,398,4,1.0,3.0,3,3,1,5.0,1
E01011719,4993,9950.0,17166.0,21897,1235,3633,26279.0,E,33755,6102,2,3.0,6.0,7,1,2,8.0,2
E01011720,19372,4499.0,949.0,4376,9571,1815,9655.0,E,33755,153,6,2.0,1.0,2,3,1,3.0,1
E01011721,15829,12643.0,949.0,3422,9190,1950,3603.0,E,33755,70,5,4.0,1.0,2,3,1,2.0,1
E01011722,13186,21410.0,9458.0,9769,8376,2065,13444.0,E,33755,1688,4,7.0,3.0,3,3,1,4.0,1
E01011723,16381,23751.0,949.0,3199,9252,2008,5617.0,E,33755,622,5,8.0,1.0,1,3,1,2.0,1
E01011724,25458,9623.0,9458.0,6477,11929,1876,9189.0,E,33755,1587,8,3.0,3.0,2,4,1,3.0,1
E01011725,24709,13781.0,949.0,1360,17921,543,2850.0,E,33755,781,8,5.0,1.0,1,6,1,1.0,1
E01011726,17981,23208.0,9458.0,5417,18108,851,6059.0,E,33755,2185,6,7.0,3.0,2,6,1,2.0,1
E01011727,24658,21451.0,18707.0,18211,20680,753,26183.0,E,33755,15952,8,7.0,6.0,6,7,1,8.0,5
E01011728,10130,15787.0,17166.0,21300,11748,1248,20792.0,E,33755,6054,4,5.0,6.0,7,4,1,7.0,2
E01011729,28247,23334.0,9458.0,2561,17347,222,3101.0,E,33755,4175,9,7.0,3.0,1,6,1,1.0,2
E01011730,20994,19920.0,9458.0,3656,15039,613,5435.0,E,33755,1405,7,6.0,3.0,2,5,1,2.0,1
E01011731,19696,11023.0,17166.0,18585,17254,328,22662.0,E,33755,7911,6,4.0,6.0,6,6,1,7.0,3
E01011732,27569,23356.0,18707.0,17253,18130,164,23008.0,E,33755,15072,9,7.0,6.0,6,6,1,7.0,5
E01011733,25962,26638.0,9458.0,15643,17012,95,19803.0,E,33755,11199,8,8.0,3.0,5,6,1,6.0,4
E01011734,20389,18150.0,27352.0,21647,16961,308,26191.0,E,33755,17213,7,6.0,9.0,7,6,1,8.0,6
E01011735,13195,15719.0,949.0,2277,14606,700,5025.0,E,33755,146,4,5.0,1.0,1,5,1,2.0,1
E01011736,21853,18484.0,9458.0,17120,16773,212,20676.0,E,33755,7143,7,6.0,3.0,6,5,1,7.0,3
E01011737,14880,16883.0,9458.0,4970,16374,402,6534.0,E,33755,756,5,6.0,3.0,2,5,1,2.0,1
E01011738,7379,12143.0,17166.0,20290,11805,900,23402.0,E,33755,5655,3,4.0,6.0,7,4,1,7.0,2
E01011739,26496,16544.0,949.0,3195,21097,615,5351.0,E,33755,2281,8,5.0,1.0,1,7,1,2.0,1
E01032487,21240,10693.0,9458.0,7325,9130,1965,10979.0,E,33755,988,7,4.0,3.0,3,3,1,4.0,1
E01032488,15272,10523.0,23805.0,23547,8392,2071,31426.0,E,33755,17994,5,4.0,8.0,7,3,1,10.0,6
E01032489,21789,15950.0,18707.0,12859,31025,379,13194.0,E,33755,12059,7,5.0,6.0,4,10,1,4.0,4
E01032490,15714,10485.0,27352.0,28017,29404,446,31337.0,E,33755,27639,5,4.0,9.0,9,9,1,10.0,9
E01032491,14058,5169.0,27352.0,30480,28028,606,31681.0,E,33755,28405,5,2.0,9.0,10,9,1,10.0,9
E01032492,24183,27107.0,9458.0,5823,31991,485,5712.0,E,33755,13276,8,9.0,3.0,2,10,1,2.0,4
E01032493,11074,11883.0,18707.0,21129,12148,573,28946.0,E,33755,10897,4,4.0,6.0,7,4,1,9.0,4
E01032494,8190,31314.0,9458.0,4515,12988,664,4967.0,E,33755,3540,3,10.0,3.0,2,4,1,2.0,2
E01032496,7074,17889.0,18707.0,22167,8344,1823,26800.0,E,33755,9573,3,6.0,6.0,7,3,1,8.0,3
E01032497,25527,8604.0,9458.0,3586,12184,953,3713.0,E,33755,790,8,3.0,3.0,2,4,1,2.0,1
E01032498,27718,19708.0,16498.0,12063,13196,784,14829.0,E,33755,7432,9,6.0,5.0,4,4,1,5.0,3
E01032499,18285,10010.0,18707.0,21497,17454,332,29713.0,E,33755,14554,6,3.0,6.0,7,6,1,9.0,5
E01032500,24112,15206.0,6632.0,2416,16240,251,1315.0,E,33755,888,8,5.0,2.0,1,5,1,1.0,1
E01032501,9117,21123.0,23805.0,23819,10437,1503,26920.0,E,33755,13991,3,7.0,8.0,8,4,1,8.0,5
E01032502,9461,11760.0,18707.0,7133,12500,1337,9518.0,E,33755,829,3,4.0,6.0,3,4,1,3.0,1
E01032503,10046,10145.0,14568.0,31812,10732,1096,28412.0,E,33755,18773,3,4.0,5.0,10,4,1,9.0,6
E01032504,4991,11120.0,23805.0,32501,7544,2106,17918.0,E,33755,16465,2,4.0,8.0,10,3,1,6.0,5
E01032606,28209,16008.0,9458.0,9410,21408,524,12501.0,E,33755,6247,9,5.0,3.0,3,7,1,4.0,2
E01032607,26877,20075.0,9458.0,4392,16265,318,6414.0,E,33755,3224,8,6.0,3.0,2,5,1,2.0,1
E01032608,22737,16774.0,6632.0,6004,15216,296,4121.0,E,33755,1193,7,5.0,2.0,2,5,1,2.0,1
E01032876,11804,8825.0,31672.0,31050,8831,400,17743.0,E,33755,19670,4,3.0,10.0,10,3,1,6.0,6
E01032946,18101,18644.0,31672.0,15406,21444,51,9756.0,E,33755,13293,6,6.0,10.0,5,7,1,3.0,4
E01033002,31582,25296.0,6632.0,3524,32595,57,15671.0,E,33755,21162,10,8.0,2.0,2,10,1,5.0,7
E01033003,33064,22080.0,6632.0,774,32456,81,5613.0,E,33755,20155,10,7.0,2.0,1,10,1,2.0,6
E01033008,33351,26961.0,30601.0,15926,32428,255,21392.0,E,33755,31971,10,8.0,10.0,5,10,1,7.0,10
E01033010,33598,24337.0,31672.0,12359,33391,196,15125.0,E,33755,32362,10,8.0,10.0,4,10,1,5.0,10
E01033011,32484,25053.0,30601.0,9712,33529,291,25884.0,E,33755,32192,10,8.0,10.0,3,10,1,8.0,10
E01033013,16978,13620.0,6632.0,2883,25027,77,7190.0,E,33755,1461,6,5.0,2.0,1,8,1,3.0,1
E01033015,31020,11249.0,30601.0,23582,30372,245,24934.0,E,33755,28524,10,4.0,10.0,7,9,1,8.0,9
E01033016,33004,19357.0,30601.0,15620,32711,283,31255.0,E,33755,32833,10,6.0,10.0,5,10,1,10.0,10
E01033021,19188,9891.0,949.0,2882,30356,417,11303.0,E,33755,3767,6,3.0,1.0,1,9,1,4.0,2
E01033031,30986,28948.0,6632.0,2287,30698,159,13628.0,E,33755,18415,10,9.0,2.0,1,10,1,5.0,6
E01033033,27117,20048.0,31672.0,9955,32993,353,24993.0,E,33755,28773,9,6.0,10.0,3,10,1,8.0,9
E01033034,26006,20256.0,30601.0,23374,32066,434,26117.0,E,33755,29214,8,7.0,10.0,7,10,1,8.0,9
E01033035,33034,24940.0,949.0,435,30807,203,217.0,E,33755,16428,10,8.0,1.0,1,10,1,1.0,5
E01035040,21890,18510.0,23792.0,14094,16719,33,1619.0,E,33755,5146,7,6.0,8.0,5,5,1,1.0,2
E01035041,20773,20860.0,31672.0,18821,18964,48,5546.0,E,33755,14253,7,7.0,10.0,6,6,1,2.0,5
E01035042,16088,27098.0,30580.0,4370,26031,60,11078.0,E,33755,14241,5,9.0,10.0,2,8,1,4.0,5
E01035043,27134,27144.0,31672.0,5476,27250,42,1097.0,E,33755,18943,9,9.0,10.0,2,9,1,1.0,6
E01035044,18001,25774.0,31672.0,9840,26743,107,3944.0,E,33755,15662,6,8.0,10.0,3,8,1,2.0,5
E01035045,14748,28481.0,27346.0,5837,26539,151,8387.0,E,33755,11982,5,9.0,9.0,2,8,1,3.0,4
E01035046,28861,11860.0,30601.0,6907,27115,133,27312.0,E,33755,22669,9,4.0,10.0,3,9,1,9.0,7
E01035047,20946,14710.0,23721.0,7014,26439,74,23745.0,E,33755,11893,7,5.0,8.0,3,8,1,8.0,4
E01035048,28926,7811.0,18707.0,16616,11398,1169,24256.0,E,33755,11142,9,3.0,6.0,5,4,1,8.0,4
E01035049,22497,9320.0,17158.0,17563,8672,1377,30140.0,E,33755,12647,7,3.0,6.0,6,3,1,9.0,4
E01035050,18548,11295.0,18664.0,12759,11448,1120,16325.0,E,33755,3345,6,4.0,6.0,4,4,1,5.0,1
E01035051,17006,12636.0,27352.0,24166,8485,1268,29116.0,E,33755,17349,6,4.0,9.0,8,3,1,9.0,6
E01035052,7622,4056.0,27352.0,18078,4426,1449,15070.0,E,33755,3503,3,2.0,9.0,6,2,1,5.0,2
E01035053,6164,9263.0,23786.0,23001,5097,2181,25989.0,E,33755,8733,2,3.0,8.0,7,2,1,8.0,3
E01035054,30387,11174.0,31663.0,24371,31557,453,25445.0,E,33755,30040,10,4.0,10.0,8,10,1,8.0,9
